-3.60E+01,0.00E+00,0.00E+00.1,0.00E+00.2,2.66E-14,0.00E+00.3,6.86E-14,0.00E+00.4,7.68E-14,0.00E+00.5,6.75E-14,0.00E+00.6,3.51E-14,0
-0.0261,-45.1,-7.97,-12.3,-5.1,-6.9,-2.59,-2.47,-0.434,-0.763,0.0301,-1.29,-0.797,0
-0.688,-12.7,-0.723,-3.25,-0.945,-2.82,-1.05,-0.974,0.182,0.0386,0.527,-0.647,-0.521,0
3.29,-31.8,-17.7,-5.64,3.58,5.34,4.1,-4.43,-10.2,-1.81,-0.581,-4.08,9.83,0
1.07,-45.2,-4.36,-6.36,-1.95,-12.8,-14.1,-5.91,2.54,-10.0,-16.7,-5.69,-1.3,0
0.665,-26.0,-14.4,-5.7,0.603,0.375,-5.7,-19.4,1.05,3.51,9.79,-8.92,-3.44,0
5.8,-26.1,-24.3,19.6,-8.59,-15.9,3.46,-19.3,8.08,10.2,-8.14,3.36,-0.96,0
4.0,-29.3,-9.54,7.9,-9.04,5.01,-14.4,-8.56,6.78,-7.99,6.14,-7.5,-4.06,0
4.61,-32.2,-14.7,15.5,-14.1,-22.0,7.81,8.65,1.63,-6.48,3.19,1.33,16.3,0
0.664,-30.5,-9.5,-6.72,-18.2,-5.31,10.7,-13.3,-1.81,3.84,1.43,-5.97,1.71,0
2.69,-21.6,-1.95,-1.17,-5.82,-8.61,4.78,-7.94,-10.8,6.43,8.13,-4.66,-1.95,0
4.94,-32.0,-6.59,-0.141,-2.62,9.2,-12.3,22.6,-10.8,1.92,-4.5,3.55,-11.2,0
2.86,-34.2,-2.07,2.89,-1.66,13.8,15.4,13.1,0.28,0.883,-7.56,-14.3,-2.13,0
3.84,-21.6,-14.3,1.76,-7.6,-8.62,7.3,-15.1,3.46,6.35,5.63,-9.29,4.46,0
3.06,-42.6,-24.1,-11.7,-3.49,2.04,2.28,3.7,-11.1,-6.09,12.0,6.03,1.76,0
3.81,-27.0,-1.07,16.3,-9.21,5.98,0.786,-9.9,4.06,-7.8,10.9,-3.97,-1.03,0
-0.0295,-38.7,-15.6,-4.88,-12.0,-0.681,-8.16,2.47,-4.78,3.02,-3.25,1.52,-3.17,0
-0.0242,-25.1,-19.7,-14.3,3.64,-12.4,-6.42,10.1,-16.0,10.8,-3.23,-6.17,8.54,0
0.665,-41.8,-10.9,-5.7,-2.81,3.22,4.12,2.45,-6.9,-11.3,-7.9,1.8,5.69,0
1.07,-38.1,2.78,5.15,-19.8,-22.9,1.46,14.1,-8.89,2.77,-6.03,-7.29,11.7,0
1.58,-47.8,-8.52,-3.43,-9.78,-10.9,-1.82,-3.53,-4.1,2.22,6.58,-5.86,-5.72,0
2.89,-26.7,-6.99,-16.2,-6.78,17.1,-3.04,-2.56,-6.87,-2.67,2.59,-10.9,13.6,0
2.5,-31.7,2.12,-0.936,-9.49,10.2,2.7,-1.63,4.66,1.16,1.16,-7.93,10.5,0
2.58,-31.3,-6.18,8.36,12.2,3.77,6.88,-1.54,-10.6,6.61,9.32,-13.2,-20.7,0
-0.0261,-45.1,-7.97,-12.3,-5.1,-6.9,-2.59,-2.47,-0.434,-0.763,0.0301,-1.29,-0.797,0
3.25,-30.6,-12.2,-4.89,-4.52,0.703,0.21,-2.05,-0.566,4.62,15.0,0.304,4.94,0
4.95,-34.8,-0.778,10.6,-26.5,11.0,6.63,7.05,9.68,-12.1,-4.84,-0.989,20.7,0
-0.0261,-45.1,-7.97,-12.3,-5.1,-6.9,-2.59,-2.47,-0.434,-0.763,0.0301,-1.29,-0.797,0
1.07,-45.4,-4.46,-6.72,-1.35,-11.6,-7.84,4.86,12.2,0.798,2.76,11.1,5.79,0
2.37,-35.0,-4.04,-2.66,-17.9,-5.9,-5.93,2.2,-9.4,-4.31,0.503,1.37,-4.48,0
3.17,-28.6,-21.6,-6.89,0.966,4.75,-9.86,-10.1,4.6,-2.23,16.4,12.1,1.04,0
3.83,-34.8,-5.04,8.03,-4.24,12.3,-11.5,-1.93,-12.2,-3.03,1.93,-11.6,15.9,0
1.92,-40.6,-17.6,-5.69,7.25,17.8,4.31,-20.8,-4.14,-19.6,-5.47,5.84,12.0,0
1.48,-27.9,0.972,8.69,4.07,2.26,7.86,3.82,-10.9,-16.7,7.43,5.52,-3.51,0
1.36,-38.4,-6.16,-0.753,-10.7,-25.5,-13.3,10.0,8.6,-12.2,-4.66,-7.78,-5.9,0
4.97,-30.0,-14.4,13.6,8.6,-15.6,-9.3,17.0,-6.97,2.38,-1.47,-9.05,0.99,0
3.78,-30.6,-6.89,8.11,4.2,4.89,4.44,8.58,-9.09,-22.2,13.4,14.3,-9.53,0
2.54,-38.3,-22.6,-12.9,-5.71,-11.3,-3.26,-6.96,-8.78,-6.04,-9.13,-9.64,-2.79,0
1.76,-41.0,-2.24,-5.94,-5.83,17.2,16.9,3.4,1.78,-20.7,-18.7,-12.4,6.51,0
1.84,-27.4,1.16,-0.502,-4.36,-1.79,-5.94,8.74,13.6,-1.62,3.72,4.36,-10.0,0
-0.0261,-45.1,-7.97,-12.3,-5.1,-6.9,-2.59,-2.47,-0.434,-0.763,0.0301,-1.29,-0.797,0
4.52,-26.2,-16.1,17.2,1.84,-22.4,9.07,-3.43,5.29,-5.13,-1.76,6.3,-2.37,0
3.47,-38.0,-12.1,-8.15,-15.5,3.62,-1.9,-18.4,-22.8,-18.5,2.47,0.128,3.61,0
3.61,-25.5,-9.14,-1.79,-0.715,-4.45,-13.1,12.4,10.6,-0.498,-4.24,2.68,2.79,0
2.74,-38.8,-4.59,-14.9,-4.74,-1.87,-15.8,11.6,7.35,14.5,16.6,-1.73,14.8,0
1.36,-34.0,-17.1,-1.23,4.93,-0.229,-7.34,-5.87,1.91,-6.76,2.03,-10.8,2.87,0
3.23,-43.3,-17.1,2.86,-7.04,11.8,-1.35,3.72,8.59,-5.54,14.9,-8.99,-6.17,0
4.33,-32.6,-24.4,4.41,2.47,5.97,10.8,14.4,7.23,9.8,22.4,11.7,7.75,0
3.71,-41.3,-27.1,-4.63,-2.4,11.8,10.1,11.2,6.29,-0.219,10.9,-9.1,-6.89,0
3.29,-30.8,-11.0,-20.5,-11.2,11.9,-17.1,-13.6,-6.19,2.18,-0.312,0.862,8.04,0
1.07,-35.0,-8.55,-2.74,-9.76,16.7,-14.0,-7.86,-15.7,3.28,12.7,-1.47,-7.21,0
4.2,-18.9,-12.6,0.423,-16.0,5.8,-1.19,-4.96,16.1,6.2,11.6,-0.361,-5.72,0
2.8,-34.7,-15.7,-10.4,-17.0,-2.14,9.89,13.0,28.6,4.24,1.86,-4.03,-7.57,0
-0.0295,-38.7,-15.6,-4.88,-12.0,-0.681,-8.16,2.47,-4.78,3.02,-3.25,1.52,-3.17,0
4.53,-28.7,-3.25,-3.36,-10.6,11.2,-2.73,7.0,-6.31,1.8,-13.1,-6.43,-0.743,0
1.08,-43.9,4.7,4.51,-3.75,-19.7,-12.1,1.34,-3.87,5.52,14.7,-9.57,-16.5,0
1.58,-42.2,-6.75,-1.11,-6.85,7.34,-0.327,-8.5,0.772,0.315,2.34,-18.8,-3.65,0
0.387,-19.0,3.87,-5.36,-0.187,-3.46,-0.618,-1.44,0.47,1.37,3.38,1.22,-0.987,0
1.07,-35.5,-14.6,-21.0,-16.3,2.62,-0.237,-3.24,-7.83,2.97,7.68,-8.55,-3.07,0
2.5,-33.5,-0.0435,14.6,-1.13,-17.8,6.19,13.8,8.54,-0.868,-4.58,-3.2,1.24,0
1.07,-34.8,-9.1,3.83,-6.34,-4.3,-2.8,-4.13,-17.0,2.81,9.43,0.158,3.13,0
0.665,-42.0,-12.7,-9.23,-8.77,-6.4,-7.31,-5.87,-7.98,-7.5,-8.74,-7.46,-3.29,0
7.62,-21.8,-10.6,25.0,-30.0,9.25,-4.34,-6.11,13.6,-8.55,-0.542,-0.208,2.98,0
0.664,-33.7,-4.29,-11.4,-24.8,11.9,1.78,-22.6,11.2,3.19,-5.88,-3.09,2.25,0
1.08,-24.2,-4.21,3.64,-16.5,-15.2,-2.7,-0.566,0.782,7.06,-3.46,-12.0,5.63,0
2.86,-39.5,-15.6,-2.55,13.2,5.13,-17.4,-0.687,-6.07,-4.89,12.7,-10.3,-11.9,0
1.58,-42.2,-15.2,-13.0,-9.86,-13.6,-2.26,-5.49,-2.96,-13.0,-20.2,-7.73,-1.49,0
1.07,-29.0,-6.95,-18.2,-0.559,-0.95,-8.82,-2.2,-6.15,5.92,1.49,-5.51,-0.533,0
1.37,-48.8,-15.6,-9.88,-1.51,-14.2,-27.3,5.26,14.1,2.63,-8.14,-8.15,0.13,0
-0.0286,-28.4,-20.3,-10.6,2.67,-19.5,9.45,-9.64,-0.287,5.76,-10.9,10.8,-11.0,0
1.76,-38.1,3.01,-5.54,-18.2,-8.4,2.96,2.19,6.27,2.74,-6.27,11.3,-0.452,0
-0.0295,-38.7,-15.6,-4.88,-12.0,-0.681,-8.16,2.47,-4.78,3.02,-3.25,1.52,-3.17,0
4.78,-28.3,-13.8,19.3,-4.22,-6.91,1.18,-18.0,4.51,6.78,-0.608,0.15,-1.97,0
2.28,-29.7,-21.5,-26.3,-7.49,20.7,4.4,10.9,6.04,-6.59,-16.1,-6.24,-9.0,0
1.07,-39.7,-12.5,0.293,-13.1,-13.9,-28.1,-4.41,4.05,9.47,-10.2,0.189,0.629,0
4.0,-20.5,-12.9,-0.891,-1.16,1.19,-2.61,-5.0,-15.0,-17.6,15.3,-11.2,-12.4,0
0.671,-38.1,-18.0,-14.2,-11.9,-10.1,4.86,-1.81,-1.74,-7.57,7.64,0.612,-6.77,0
2.83,-34.1,-5.55,16.0,15.7,10.7,-8.59,-11.1,3.59,-6.47,3.89,15.4,0.0484,0
1.36,-40.6,-3.9,3.47,1.84,-10.1,-11.3,10.8,6.85,-8.28,-7.16,-7.36,-3.06,0
-0.0261,-45.1,-7.97,-12.3,-5.1,-6.9,-2.59,-2.47,-0.434,-0.763,0.0301,-1.29,-0.797,0
4.89,-18.1,-25.0,-2.41,-7.78,-3.06,14.0,-6.18,-4.09,-4.04,-13.8,-4.87,19.1,0
1.07,-21.2,-9.72,-9.2,7.06,15.0,1.83,-11.9,-3.35,-1.5,-8.42,-9.17,-7.21,0
2.98,-17.2,-8.64,-15.3,-3.9,6.3,13.1,-6.22,-15.4,-9.15,8.66,7.75,-13.2,0
1.48,-24.6,-0.843,-0.373,-6.88,-3.92,-2.19,3.37,-11.4,11.9,8.49,6.42,-13.2,0
3.68,-29.8,-22.0,-5.52,4.38,-13.3,10.8,0.632,-25.1,-10.4,-2.61,-14.7,-21.4,0
3.92,-31.5,0.0854,2.13,-5.43,11.1,-9.03,-11.5,-6.69,13.4,2.49,14.3,-2.7,0
7.22,-31.7,-23.4,21.8,-5.07,17.7,-18.2,-2.21,10.4,-6.13,-1.53,7.52,3.91,0
1.92,-44.3,-8.01,-4.51,-14.8,-16.2,15.0,-16.9,-0.696,10.2,14.6,2.23,-22.8,0
1.99,-27.2,-1.6,-3.87,-1.74,17.9,5.51,-7.84,-5.41,-7.18,-3.6,2.31,5.68,0
1.78,-8.41,-6.88,-27.8,-3.25,-9.58,9.59,1.96,-15.0,4.58,14.8,-2.64,-0.951,0
4.15,-31.1,-11.5,-0.932,-7.96,14.1,9.26,22.0,9.71,-18.0,18.0,2.57,-0.813,0
3.72,-35.8,-16.4,6.34,0.0027,5.43,-4.51,9.12,-0.683,-3.77,11.7,-4.22,-1.23,0
0.671,-34.3,-10.8,-5.86,-10.1,-14.1,7.57,-2.09,-10.1,8.46,-4.58,-0.3,1.51,0
2.81,-25.3,-5.54,0.374,-0.144,4.8,14.3,16.6,23.7,3.57,-11.2,-2.23,-4.63,0
0.665,-38.0,-5.38,-6.24,-16.9,-8.64,8.35,-3.79,-11.8,10.7,-5.26,1.03,-1.2,0
2.54,-34.9,-16.8,-6.0,18.2,0.364,1.78,8.98,-3.85,4.49,-9.26,-13.0,5.4,0
3.25,-36.7,-5.64,8.34,1.46,15.1,-2.54,-13.7,9.84,5.83,4.77,8.45,7.39,0
4.0,-39.9,-25.2,-9.08,-13.8,10.2,-14.6,-6.04,13.0,-6.09,-12.8,-6.23,-4.05,0
-0.0261,-45.1,-7.97,-12.3,-5.1,-6.9,-2.59,-2.47,-0.434,-0.763,0.0301,-1.29,-0.797,0
0.663,-46.8,-8.26,-10.6,-2.04,-2.66,3.86,6.79,11.2,11.7,7.91,-4.07,-13.0,0
4.17,-34.6,-21.5,3.3,2.15,18.5,5.28,4.44,0.0453,-18.1,3.24,-7.09,-1.93,0
2.9,-29.4,-6.44,4.85,-4.26,-8.81,-0.912,2.9,-16.1,-10.2,-1.8,-17.7,11.5,0
0.389,-13.3,-5.02,-23.9,2.36,9.13,-13.6,0.00938,5.85,0.315,-6.48,4.78,0.0992,0
0.665,-45.2,-19.1,-18.9,-8.71,1.89,-5.19,-9.13,6.88,2.1,-10.4,6.59,0.00292,0
2.42,-30.4,-2.65,-1.22,5.36,12.1,2.19,-3.09,-8.06,-9.18,-3.23,3.34,-13.0,0
1.92,-45.3,-10.6,-20.2,-42.1,-7.87,-1.12,-10.9,-0.846,-22.1,7.08,5.01,-17.7,0
1.93,-39.7,-10.4,-0.867,-4.0,-20.7,-18.4,10.3,7.97,-2.04,1.32,2.96,3.11,0
3.61,-25.8,-8.59,-11.4,-20.5,-2.08,-12.0,1.51,-6.48,-17.5,1.42,2.05,-4.67,0
2.22,-30.6,-3.01,3.25,-2.52,5.74,-2.67,6.27,0.53,2.87,11.2,0.103,-8.9,0
3.54,-35.0,-11.8,10.4,-7.32,2.31,6.29,-11.7,-0.488,-8.23,10.3,11.0,-3.7,0
3.61,-23.2,-21.8,-7.48,7.53,-4.77,2.17,-17.8,-9.32,8.29,1.48,-2.25,-3.12,0
2.37,-39.0,-10.0,1.44,-5.64,-6.43,1.06,-18.5,-13.8,-5.26,-1.7,7.44,-13.3,0
2.46,-30.4,-4.61,8.67,11.3,3.12,-10.8,-11.0,-0.722,8.87,7.75,0.804,-1.33,0
2.92,-24.1,-8.16,-2.38,-15.5,-5.53,12.9,1.58,0.517,0.876,12.1,9.35,-4.78,0
1.07,-44.1,-12.9,-12.4,-9.86,-7.97,-4.2,-3.0,-3.55,2.67,11.8,11.5,1.75,0
3.42,-35.9,-2.28,14.8,-9.79,5.05,0.0386,-21.3,-6.43,15.1,9.01,-7.79,-4.88,0
2.17,-35.4,-13.7,-3.34,0.186,-8.41,-1.85,-3.29,-16.8,0.463,-4.57,-9.95,1.01,0
4.15,-34.9,-14.7,-12.3,-20.0,4.93,-6.45,20.6,6.99,6.22,12.4,4.73,2.22,0
3.23,-32.4,-14.5,-6.13,-1.61,-1.04,-9.37,-4.28,-9.16,3.29,7.73,-3.14,-7.85,0
0.666,-36.9,-18.4,-5.73,-10.9,-7.99,-8.92,-9.81,-7.79,-11.9,-7.99,-8.75,0.381,0
-0.0261,-45.1,-7.97,-12.3,-5.1,-6.9,-2.59,-2.47,-0.434,-0.763,0.0301,-1.29,-0.797,0
1.23,-23.5,11.6,0.179,-5.97,-1.4,-5.56,9.15,5.23,-16.4,4.97,-3.56,8.99,0
1.92,-42.7,-3.58,1.42,-11.7,-2.86,16.6,15.3,-18.4,-21.0,2.42,1.91,-2.04,0
3.01,-31.8,-12.6,2.94,-1.21,-0.818,15.1,-6.6,7.62,2.97,-4.42,0.61,-10.2,0
4.62,-29.2,-22.0,6.71,13.8,11.3,8.51,21.1,-1.63,-2.89,13.2,-8.88,-3.13,0
3.81,-31.5,-16.3,-8.6,-10.2,-3.57,-16.1,-0.155,5.52,12.0,7.06,-9.8,-5.35,0
0.665,-38.7,-5.19,-4.62,-13.7,-14.1,5.15,5.09,-12.6,1.14,5.97,-8.1,6.96,0
2.54,-43.7,-20.7,-9.95,-12.4,-2.44,9.3,-13.3,-28.7,-2.62,9.08,5.87,9.18,0
1.08,-36.5,-9.86,-11.4,-15.5,-6.37,-4.43,-13.9,7.37,1.75,3.35,-3.92,-5.97,0
2.75,-26.3,-20.7,-22.0,1.1,2.79,-19.7,-28.6,-5.03,4.14,0.169,-0.997,7.12,0
2.46,-34.5,-16.3,-12.4,-6.7,0.326,17.1,8.43,1.26,-5.45,7.93,0.0371,-3.16,0
1.07,-39.7,-8.83,-3.92,-8.04,5.84,10.7,3.17,0.838,-8.28,-20.3,-4.39,-1.54,0
2.5,-25.3,-9.76,-4.2,9.94,-0.0962,1.06,-5.73,-16.8,-2.85,11.3,-6.49,-8.91,0
-0.0252,-31.4,-22.0,-2.41,-9.55,-7.88,3.09,-11.7,11.0,-12.9,11.7,-11.4,7.14,0
2.05,-38.0,-15.9,-8.16,-7.48,-7.04,-1.08,-1.37,16.6,26.6,9.08,0.333,-9.14,0
1.77,-34.6,-9.73,8.16,15.5,-4.72,-0.437,-16.1,-17.6,-2.91,10.4,-4.63,-1.73,0
3.75,-34.0,-17.7,-1.04,-1.56,-1.47,-9.57,-4.35,-5.82,1.46,7.71,-6.77,20.2,0
2.78,-26.6,-10.7,-5.21,-7.75,-12.9,-2.46,-3.69,-15.5,-1.64,20.2,8.46,3.97,0
2.42,-25.9,-3.04,0.0404,-5.95,-17.5,11.3,20.1,8.58,-12.2,-13.3,14.4,3.5,0
6.27,-33.3,-1.47,-3.7,0.699,8.15,-20.0,9.39,-14.6,20.8,-18.9,4.42,-5.06,0
2.58,-29.0,-6.44,1.81,2.96,-1.7,5.24,-5.25,-2.67,-19.0,0.485,9.12,10.1,0
1.77,-43.3,1.92,6.98,4.71,-7.11,-7.3,-21.2,-23.8,-1.09,14.2,13.2,2.77,0
2.81,-38.7,3.07,2.69,-24.7,-27.2,-10.4,-0.954,10.9,-7.24,-21.8,-1.38,8.98,0
0.666,-33.8,-15.8,-12.2,-1.39,-13.9,-0.986,-6.94,-5.69,-2.47,-7.23,0.632,-1.3,0
1.59,-37.6,6.88,1.07,-15.8,-8.22,-17.4,0.467,10.9,3.41,0.447,-18.2,2.46,0
3.75,-35.6,-2.76,20.3,2.37,9.86,14.9,0.57,0.629,1.06,5.15,12.5,11.9,0
-0.0261,-45.1,-7.97,-12.3,-5.1,-6.9,-2.59,-2.47,-0.434,-0.763,0.0301,-1.29,-0.797,0
3.83,-33.6,-6.3,6.95,-6.58,23.6,19.0,6.6,7.43,14.2,9.3,-5.89,3.58,0
3.47,-30.0,1.67,13.1,-14.7,-5.92,13.6,3.74,-4.05,-0.477,4.12,-3.34,5.69,0
2.05,-40.0,-12.5,-6.42,-13.7,-0.301,5.24,-3.18,1.14,2.67,2.99,6.0,7.91,0
3.17,-34.5,-4.73,7.53,1.57,3.68,-8.42,-14.4,-1.2,-9.09,-4.91,9.29,3.14,0
-0.0261,-45.1,-7.97,-12.3,-5.1,-6.9,-2.59,-2.47,-0.434,-0.763,0.0301,-1.29,-0.797,0
5.15,-29.8,-18.3,15.7,-7.0,-7.55,4.21,6.31,-10.3,9.82,-0.923,-12.2,-1.12,0
-0.0295,-38.7,-15.6,-4.88,-12.0,-0.681,-8.16,2.47,-4.78,3.02,-3.25,1.52,-3.17,0
4.46,-22.3,-12.3,4.02,-5.41,18.8,16.7,17.6,6.38,-20.2,-1.78,13.0,17.0,0
5.71,-29.8,-5.52,19.9,-24.0,11.7,0.706,-15.3,3.21,-2.97,2.32,-2.37,-2.26,0
0.664,-40.9,-17.6,-5.24,-10.3,3.29,-1.55,11.8,7.1,16.8,9.93,10.8,-0.228,0
0.387,-19.0,5.23,-2.15,5.46,-14.7,-0.608,9.26,-9.09,2.14,6.33,-12.6,12.8,0
-0.0295,-38.7,-15.6,-4.88,-12.0,-0.681,-8.16,2.47,-4.78,3.02,-3.25,1.52,-3.17,0
1.76,-40.2,-4.12,-13.7,-11.9,-5.82,-31.8,-18.8,22.6,-1.99,-0.897,-1.67,-7.97,0
5.49,-31.7,-31.9,3.98,-11.0,3.51,-18.8,-8.16,12.6,0.115,0.877,-2.39,5.8,0
-0.0295,-38.7,-15.6,-4.88,-12.0,-0.681,-8.16,2.47,-4.78,3.02,-3.25,1.52,-3.17,0
0.673,-22.7,-13.0,-7.23,-2.72,-0.658,-8.75,-18.4,11.2,4.62,-3.64,-4.85,6.17,0
1.77,-34.2,-17.7,-4.92,-1.1,-8.91,-7.06,-8.39,-12.1,2.43,-0.207,0.875,-2.04,0
3.11,-41.5,-4.31,4.81,-9.96,4.98,-4.2,-1.74,-6.73,4.53,15.5,8.28,5.16,0
1.92,-26.7,1.64,6.88,-3.91,-17.1,1.13,4.76,2.06,-2.88,-11.1,-6.12,-2.28,0
0.895,-16.7,-8.36,-8.15,-5.61,3.13,-0.855,-4.54,4.73,-9.0,3.23,-15.5,9.64,0
2.54,-37.3,-17.4,-13.4,-14.7,-18.7,-16.3,-12.2,4.96,6.4,13.1,2.19,-25.3,0
2.78,-32.1,-7.21,6.63,5.15,0.0171,-2.25,-3.75,-0.23,-5.51,-3.26,-6.44,-11.3,0
2.46,-29.3,-15.9,-7.39,-5.13,-19.6,-17.8,10.3,0.11,-6.28,1.6,1.98,7.89,0
4.26,-29.5,-5.71,16.3,2.57,-2.58,-13.3,11.6,-2.32,-4.36,13.4,-11.5,-1.61,0
4.03,-27.0,-8.61,-0.352,-13.0,-5.35,-14.2,-1.5,-7.21,6.21,8.61,-11.4,0.298,0
0.387,-18.5,5.84,-6.98,-3.7,-7.09,2.93,6.19,-4.41,-8.57,10.1,1.88,-9.54,0
2.54,-29.8,-20.4,-16.9,1.45,-11.7,-2.1,-5.14,-15.0,1.02,1.21,-3.21,-8.76,0
3.92,-26.4,-14.5,-8.59,-4.2,12.1,-1.05,-0.07,1.73,-3.58,6.38,1.27,-1.35,0
2.28,-45.9,-15.2,-10.8,-6.3,2.8,2.3,7.44,2.29,-10.3,-0.617,2.0,-9.17,0
0.387,-19.9,-0.604,1.13,-4.61,1.23,-3.97,1.56,-2.03,2.03,-1.76,-0.401,-2.94,0
1.36,-41.2,-14.6,2.41,3.51,19.7,5.38,3.7,-8.93,2.25,-2.37,-2.89,-10.8,0
1.58,-32.0,-2.39,-5.32,-20.6,-2.42,9.42,-2.77,5.61,0.889,-6.2,8.35,5.42,0
1.76,-24.5,-14.0,-0.779,13.2,5.52,-7.41,1.07,-31.0,-0.327,13.3,10.1,-6.41,0
3.58,-28.2,-11.8,3.02,8.39,9.81,-10.4,-20.9,-7.96,9.29,10.5,3.16,-2.27,0
3.38,-24.2,-8.1,1.66,0.804,9.57,3.58,-8.02,0.504,-17.7,9.72,18.1,6.9,0
2.69,-35.5,-18.8,-21.1,-21.2,-18.3,2.17,10.8,3.57,5.47,-10.4,2.8,16.7,0
3.37,-29.0,-3.18,10.8,-5.22,13.2,6.14,-13.2,-0.0825,5.5,-0.0835,-11.7,2.52,0
4.28,-28.8,-10.0,11.6,-10.2,-1.72,-11.1,-3.7,15.6,-0.26,0.293,2.4,8.06,0
1.36,-43.7,-2.84,-11.3,-6.67,0.174,4.98,-8.79,-2.85,-17.2,-10.3,-2.3,0.8,0
3.86,-32.0,9.77,22.3,-10.3,12.0,20.6,1.7,6.95,-6.75,-19.0,-2.34,9.5,0
4.32,-30.9,6.29,-0.454,-19.9,7.23,-20.6,11.9,-8.66,-22.4,0.422,-19.9,4.0,0
1.07,-47.6,-9.7,-15.5,-5.54,-15.4,-12.5,10.6,11.7,-18.4,0.292,2.24,4.44,0
3.81,-35.0,-12.4,13.3,0.939,-1.46,-3.05,-3.94,8.53,-1.69,-11.8,-4.19,2.75,0
1.92,-36.9,-7.74,4.07,5.76,4.35,-3.86,0.786,-3.22,-16.2,-13.7,-11.6,-9.42,0
3.53,-35.7,-10.4,-8.16,-21.6,8.65,3.14,0.474,5.09,-0.592,5.97,-10.3,-6.52,0
1.07,-46.4,-23.6,0.312,8.52,9.73,-13.3,-7.08,-18.0,13.6,-13.0,6.4,10.1,0
3.58,-42.8,-15.9,9.83,-4.93,-2.28,5.38,-4.95,-8.78,-6.61,-15.9,-14.2,-0.0949,0
3.71,-31.0,-12.8,-9.79,-5.2,9.45,4.82,-6.16,-8.51,-7.51,8.53,16.3,-6.23,0
2.37,-37.0,-16.8,-0.987,13.3,-14.4,-23.2,-5.53,-6.06,-9.92,-1.1,-1.93,2.77,0
3.24,-26.6,-11.1,0.79,-1.88,-0.0761,2.09,-3.84,-0.0854,8.79,0.882,-2.59,-0.0534,0
3.37,-27.5,-8.68,4.29,-0.527,5.79,2.63,-4.16,7.69,5.4,7.59,-0.564,3.34,0
1.48,-27.3,4.16,11.7,-2.19,-1.68,-15.8,2.55,6.96,11.4,-1.35,-1.07,3.6,0
3.16,-21.5,-7.43,8.74,15.6,2.5,9.98,-5.1,3.64,10.1,-12.5,2.94,4.15,0
3.02,-39.2,-6.36,12.4,-10.2,-7.97,11.5,-5.58,-3.79,-7.69,15.2,0.0277,5.08,0
3.21,-29.5,-3.83,5.02,-0.983,15.0,3.14,-3.54,-0.489,5.71,15.2,-4.78,-4.87,0
1.76,-33.7,-8.55,-3.64,-1.47,-10.2,-9.36,13.6,5.09,-5.92,-5.69,-8.68,2.7,0
3.64,-28.2,-11.4,12.0,-5.28,8.81,8.84,-23.0,2.22,-1.22,9.46,2.55,-23.9,0
2.79,-18.0,-5.44,-2.25,-9.51,-11.9,15.6,12.6,6.35,-14.8,-7.9,1.96,0.291,0
1.58,-43.0,-6.48,-22.8,-24.7,-19.2,-15.8,-2.51,-0.906,-7.17,0.804,-11.1,-12.1,0
0.664,-36.7,-4.64,4.3,-16.9,-19.2,-7.72,25.5,-7.5,-15.8,4.09,3.55,-0.412,0
0.0828,-8.07,13.6,11.7,2.94,-18.4,-12.7,11.0,7.93,-13.1,0.949,7.87,-6.45,0
3.44,-22.3,-8.65,6.4,3.67,-13.2,-4.98,-3.8,10.2,2.89,-2.18,-4.71,-11.3,0
0.664,-31.1,-7.87,-15.3,-19.3,22.9,-27.3,2.13,9.14,-7.58,-3.97,6.29,-0.843,0
1.07,-39.3,-7.26,9.11,8.48,-4.57,-21.1,-22.5,6.18,17.5,3.52,-13.3,-0.831,0
3.25,-30.6,-5.14,10.5,0.654,0.895,-10.2,-14.8,-10.2,-7.94,13.7,-15.0,-11.5,0
2.46,-39.9,-6.39,-5.23,-1.54,14.8,0.399,8.1,-13.4,-6.32,-11.5,-12.5,-12.1,0
1.07,-31.4,-15.7,1.15,4.35,-2.5,4.42,-7.65,5.57,-11.5,-8.92,0.0188,2.55,0
0.899,-17.2,-1.4,-8.92,-15.2,-26.6,-8.63,20.7,14.7,5.87,18.5,3.67,-2.84,0
-0.0233,-21.4,-15.3,-20.1,-0.718,1.24,-15.3,0.783,9.94,-15.5,5.89,6.68,-16.3,0
3.97,-32.9,-29.1,-4.96,24.5,23.3,-12.4,-19.9,8.27,-2.72,-5.17,-3.61,-0.672,0
-0.0219,-15.3,-2.07,-10.4,-13.5,-15.0,-1.92,8.87,3.2,-10.7,-8.09,7.19,9.79,0
-0.0261,-45.1,-7.97,-12.3,-5.1,-6.9,-2.59,-2.47,-0.434,-0.763,0.0301,-1.29,-0.797,0
3.28,-17.5,-10.0,-26.1,-14.2,5.64,-8.02,-5.18,-4.35,-9.35,-0.716,-1.4,7.06,0
-0.0261,-45.1,-7.97,-12.3,-5.1,-6.9,-2.59,-2.47,-0.434,-0.763,0.0301,-1.29,-0.797,0
2.65,-26.9,-2.59,-6.15,-7.43,-0.293,-7.73,-8.24,6.48,-8.52,15.1,13.1,18.5,0
0.664,-34.0,-10.5,-8.12,-10.3,-12.8,13.9,-17.0,4.36,1.31,-4.09,3.5,-5.62,0
4.02,-32.9,-8.01,20.4,15.7,4.22,-12.5,-1.04,13.5,-7.87,2.38,-0.488,10.7,0
1.07,-42.7,-8.56,-5.01,-0.747,1.54,9.12,12.4,0.42,-13.1,-10.6,-12.6,-2.38,0
0.671,-42.4,3.17,-4.88,-15.1,-22.4,8.25,16.3,-18.2,-7.3,9.95,-1.47,2.91,0
4.83,-34.3,-16.8,19.3,-9.24,-32.1,24.1,2.89,-2.45,7.61,-22.6,1.49,14.3,0
-0.0261,-45.1,-7.97,-12.3,-5.1,-6.9,-2.59,-2.47,-0.434,-0.763,0.0301,-1.29,-0.797,0
2.68,-35.4,-8.03,5.54,5.82,-16.9,6.75,14.3,-9.21,-1.01,10.7,3.41,0.587,0
0.665,-39.1,-5.56,-3.03,-11.1,-15.7,-1.72,10.6,-7.35,-6.93,7.42,-4.08,-0.73,0
0.666,-43.9,-29.4,-15.0,-0.113,-8.41,-11.0,12.1,-11.9,2.74,5.15,-10.3,6.08,0
1.07,-33.6,-11.4,-0.517,5.62,-5.64,2.82,-10.3,-17.6,-8.18,13.6,7.58,2.06,0
-0.0295,-38.7,-15.6,-4.88,-12.0,-0.681,-8.16,2.47,-4.78,3.02,-3.25,1.52,-3.17,0
3.0,-31.2,-11.0,6.15,-4.11,8.1,1.64,3.48,-5.18,-6.89,2.11,-0.379,16.3,0
4.63,-24.3,-19.8,5.54,-15.1,-1.54,10.8,-21.4,3.8,7.0,-1.82,10.7,9.3,0
-0.0261,-45.1,-7.97,-12.3,-5.1,-6.9,-2.59,-2.47,-0.434,-0.763,0.0301,-1.29,-0.797,0
4.08,-19.8,-4.57,2.1,-7.78,2.42,-2.1,-1.3,-9.28,1.93,8.25,-10.6,-2.93,0
1.07,-41.3,4.2,-2.82,-12.7,-16.7,-2.04,-2.62,13.0,-6.09,-6.23,-5.6,10.0,0
0.668,-21.3,1.12,-20.8,-15.9,0.274,-0.252,1.56,-10.5,0.496,4.55,2.33,-9.14,0
-0.0295,-38.7,-15.6,-4.88,-12.0,-0.681,-8.16,2.47,-4.78,3.02,-3.25,1.52,-3.17,0
6.56,-38.7,-5.3,10.5,-1.3,-4.03,-26.9,13.3,-18.7,2.29,-18.2,12.2,-3.01,0
2.17,-27.0,-18.5,-20.7,-7.97,-7.33,-6.44,-2.67,-9.58,1.11,-7.91,-11.2,-0.827,0
2.58,-28.5,-1.49,4.71,-5.87,0.222,3.7,-2.12,20.2,3.58,11.9,-0.701,-5.25,0
3.89,-34.7,-19.7,6.07,-4.91,3.6,19.0,-7.8,-8.52,-13.7,11.8,10.1,-10.2,0
0.671,-46.8,-8.34,-10.2,-0.899,-0.589,6.64,9.58,11.5,6.34,-3.13,-13.9,-14.4,0
2.66,-19.4,-6.34,-3.43,2.8,4.63,5.15,-3.38,-6.07,6.23,-3.1,-3.67,5.89,0
2.23,-20.6,8.89,-9.37,-12.4,6.64,16.7,0.588,-20.6,-44.1,-9.85,19.7,3.02,0
2.87,-16.9,-7.2,-12.8,6.27,16.6,28.1,10.1,-16.8,-12.2,14.5,8.41,-2.97,0
0.671,-46.3,-4.21,-4.49,6.63,5.26,-1.67,-17.3,-19.2,-4.19,12.8,9.41,-2.92,0
3.53,-45.0,-35.8,-8.18,0.769,6.99,-8.16,-3.83,16.9,3.72,-3.43,4.57,-2.05,0
2.32,-30.1,0.852,3.89,0.881,0.865,-11.7,-17.6,2.75,8.39,8.13,-11.0,2.46,0
2.5,-30.2,-10.7,1.63,-5.64,-4.87,2.34,7.39,-2.82,-2.18,-1.72,2.8,6.39,0
2.17,-42.8,-6.71,-12.0,-11.6,-12.0,-16.8,-14.2,1.26,10.5,1.28,-0.0225,3.83,0
1.08,-18.6,-17.9,-27.5,2.09,0.795,-10.0,-3.47,6.11,-6.26,2.54,-2.37,0.978,0
2.42,-28.4,-2.28,5.49,1.11,-0.666,2.52,-7.17,-16.4,-22.0,-10.3,2.75,-0.535,0
4.33,-20.6,-19.8,-0.212,-8.19,-2.78,8.88,5.18,3.03,-11.3,2.16,-2.19,-7.47,0
3.46,-17.7,-14.2,-12.8,-2.68,-5.11,-7.21,5.43,7.59,2.18,-4.82,-10.9,16.6,0
0.388,-18.2,4.32,-6.23,-0.584,-3.02,1.27,1.45,2.6,-1.57,-4.08,-2.38,3.82,0
4.73,-32.4,-23.9,0.654,-8.56,-4.17,13.9,2.77,16.9,-6.2,-8.97,9.61,-11.7,0
0.902,-21.7,6.2,-5.12,-2.08,-7.48,-3.4,3.58,7.33,-2.0,-2.96,4.84,-0.402,0
2.86,-33.0,-8.55,-1.4,-12.7,-7.16,12.3,11.8,13.6,6.99,5.77,-10.7,-0.962,0
2.12,-21.2,-5.7,-12.7,-11.5,5.43,1.89,5.02,7.48,-8.18,-1.78,5.33,-3.48,0
2.12,-30.4,2.97,8.33,-0.931,-4.16,8.52,10.1,4.59,-6.47,3.28,7.67,-12.8,0
0.898,-23.8,0.547,16.0,14.6,-13.1,5.48,-13.5,-22.9,10.9,15.2,2.81,-2.75,0
4.82,-24.2,-20.2,7.58,2.02,-9.36,-12.6,9.5,14.2,5.64,3.26,0.613,4.36,0
2.32,-30.4,-6.06,2.32,2.93,-9.76,-1.87,1.34,0.2,-5.83,0.124,11.6,4.48,0
2.11,-29.5,4.04,4.05,-6.87,-0.619,-1.02,5.26,10.7,-2.99,-1.18,14.0,-0.633,0
0.664,-36.9,-14.6,-6.66,-2.65,-2.92,5.97,-1.82,1.17,-9.99,-4.32,-3.25,5.31,0
0.391,-13.4,0.722,-13.9,-22.8,-8.42,15.4,-5.87,-10.0,3.76,-3.1,7.27,-5.96,0
3.09,-34.2,-13.7,13.4,8.3,-8.83,-3.69,2.31,9.75,-7.82,7.03,-3.27,0.128,0
3.09,-33.5,-4.24,5.88,-14.1,-0.0295,-3.18,1.3,8.57,-8.2,-6.51,-7.43,-2.42,0
5.72,-45.6,-13.1,-0.533,-18.8,-3.69,-11.4,37.1,-0.661,12.0,4.85,-2.12,-12.0,0
3.11,-26.4,3.76,4.58,-13.4,7.93,18.2,-6.61,2.93,-0.0816,9.15,1.33,3.76,0
2.41,-29.7,-8.18,1.6,7.43,0.0421,-9.16,-5.61,2.94,13.6,-9.63,-11.3,-1.33,0
1.07,-32.9,-2.76,-14.5,-13.8,16.0,-11.7,-23.0,15.9,6.55,-13.3,-0.519,9.39,0
1.77,-39.4,-25.6,-29.7,-7.51,2.27,3.28,3.76,-8.66,-11.3,-6.45,-0.89,1.38,0
2.46,-38.8,-20.7,-7.45,9.27,-2.41,-13.5,-20.4,-4.5,0.525,2.23,0.291,-11.8,0
1.92,-31.1,-19.4,-16.3,-15.4,3.62,15.3,7.43,1.5,-5.47,-6.66,3.19,-0.606,0
1.07,-50.8,-28.3,-24.5,-10.7,8.84,3.89,14.1,27.4,9.26,-5.29,7.69,-8.88,0
0.665,-38.7,-5.19,-4.62,-13.7,-14.1,5.15,5.09,-12.6,1.14,5.97,-8.1,6.96,0
5.29,-14.9,-17.3,6.18,14.4,0.847,-3.87,15.9,2.38,7.29,-4.7,-19.3,11.8,0
2.75,-28.0,-17.6,-18.2,-22.4,-21.8,-10.8,-23.0,-18.5,-18.2,-8.98,-3.84,-3.83,0
2.46,-29.3,-10.4,-5.07,-3.37,0.996,16.4,-1.2,-6.36,-7.6,4.47,-12.4,-3.82,0
4.64,-36.1,-26.2,14.7,18.3,5.45,-2.94,4.58,-2.32,-12.9,9.78,24.1,1.8,0
2.33,-27.2,-0.198,4.06,2.61,2.13,-9.71,-5.32,5.3,-9.32,1.78,5.42,5.24,0
0.665,-36.1,-7.34,-17.3,-7.87,6.28,-19.0,8.75,-4.02,-1.36,0.232,0.642,-3.48,0
1.07,-27.9,-0.209,2.83,-24.6,-22.1,14.0,6.21,-8.07,-6.68,3.49,-5.13,11.3,0
1.85,-26.8,5.14,-3.46,-11.8,-3.33,-1.99,4.27,2.62,-3.37,3.44,2.84,-2.83,0
6.45,-36.6,-31.6,-10.2,-34.2,3.63,-17.1,-13.2,0.104,11.7,-19.9,-4.61,0.117,0
3.02,-31.1,-8.46,3.56,4.27,5.69,-16.3,-2.91,-7.1,-9.82,8.16,7.19,-5.87,0
2.5,-31.9,-5.28,6.52,8.09,6.62,13.4,12.8,13.9,-6.22,-14.8,1.88,-12.7,0
0.666,-28.8,-11.6,-4.56,-12.5,-12.9,3.6,5.24,-13.9,5.83,-1.9,2.78,-6.17,0
-0.0261,-45.1,-7.97,-12.3,-5.1,-6.9,-2.59,-2.47,-0.434,-0.763,0.0301,-1.29,-0.797,0
2.54,-42.3,-9.79,-4.02,-17.3,-21.2,-20.8,-11.4,-4.49,-6.4,-2.46,-6.5,-1.66,0
0.664,-42.3,-18.3,-9.42,-22.6,-16.6,-24.3,-7.91,-4.23,11.1,-3.47,-13.1,-15.8,0
4.06,-37.6,-17.3,17.5,7.38,-5.59,-10.8,4.59,3.41,4.51,6.51,-7.26,6.72,0
5.04,-30.2,-11.9,14.1,-11.4,15.3,-0.954,-18.1,-13.0,3.29,13.0,-2.92,7.84,0
2.37,-40.2,-11.8,-10.1,-7.72,1.95,16.2,17.4,-3.64,1.32,7.07,-0.0448,-4.52,0
3.23,-41.1,-0.775,10.8,-4.91,12.0,9.87,-8.44,14.1,14.7,-7.04,-20.4,4.39,0
2.72,-30.5,-4.05,-5.73,4.42,14.3,-1.14,-18.4,-5.42,-7.62,-10.7,-1.5,-4.06,0
0.666,-26.7,-9.1,-21.2,-1.2,-2.95,-10.8,7.2,-9.63,4.43,1.56,-8.11,6.42,0
1.07,-47.6,-21.6,-9.58,-10.7,-16.3,5.97,1.17,-7.45,0.114,1.53,2.31,-8.59,0
4.52,-32.5,-12.1,11.0,2.1,8.34,3.62,8.38,-13.7,-0.0431,8.24,-1.27,9.13,0
-0.0261,-45.1,-7.97,-12.3,-5.1,-6.9,-2.59,-2.47,-0.434,-0.763,0.0301,-1.29,-0.797,0
1.68,-27.5,2.5,6.31,-9.43,0.316,6.63,-4.24,-3.56,-7.91,5.7,1.71,-4.51,0
4.21,-33.9,-20.7,6.75,-9.37,-6.13,-10.0,-27.9,6.25,3.19,-2.87,5.86,1.3,0
0.894,-22.0,0.00061,7.23,-4.3,-12.0,-7.19,-6.43,-11.6,15.7,12.5,-7.9,-0.296,0
2.89,-34.5,-1.23,4.88,-9.75,11.5,7.77,-6.78,-0.129,14.6,8.82,-6.5,-7.37,0
0.665,-42.3,-12.7,-9.36,-9.47,-7.66,-8.93,-7.94,-10.3,-9.1,-6.83,-0.826,3.72,0
1.48,-23.4,-0.956,-8.17,-1.43,2.53,0.978,15.1,11.3,5.51,-9.54,-6.62,6.35,0
1.36,-52.4,-27.9,-9.59,-3.67,-10.4,10.1,14.1,3.73,8.65,-22.5,0.496,-4.18,0
2.57,-2.39,-6.01,-16.0,1.47,-3.92,5.66,5.8,2.31,-1.84,1.89,4.65,4.74,0
4.09,-29.5,-1.25,14.9,-5.22,9.48,-0.756,1.47,-4.87,-8.69,1.78,-3.18,-4.37,0
-0.0295,-38.7,-15.6,-4.88,-12.0,-0.681,-8.16,2.47,-4.78,3.02,-3.25,1.52,-3.17,0
-0.0295,-38.7,-15.6,-4.88,-12.0,-0.681,-8.16,2.47,-4.78,3.02,-3.25,1.52,-3.17,0
1.23,-24.6,-3.25,4.77,0.569,6.13,2.86,-9.63,-5.66,1.49,-10.1,9.51,0.822,0
3.48,-31.6,-10.5,12.8,3.94,-7.74,-10.2,-2.75,-10.7,-5.03,-4.59,-6.2,6.97,0
5.4,-20.6,-37.8,-13.9,-18.5,-33.6,6.68,-5.28,-7.19,4.88,6.08,2.51,15.1,0
2.37,-44.5,-21.3,10.3,4.51,-34.0,-4.02,12.1,-22.6,1.78,5.46,-3.07,13.1,0
3.97,-32.3,-15.4,11.7,-2.71,-1.11,-11.8,-5.3,16.3,-11.6,1.06,-7.22,-17.2,0
2.42,-28.5,-6.36,6.95,15.1,-0.611,-12.1,-9.31,-6.61,12.6,4.27,0.93,5.57,0
-0.0295,-38.7,-15.6,-4.88,-12.0,-0.681,-8.16,2.47,-4.78,3.02,-3.25,1.52,-3.17,0
3.55,-32.6,-17.7,-2.13,-7.1,-10.2,2.45,12.8,18.6,18.6,8.67,-10.1,6.11,0
3.11,-32.7,-21.7,-7.84,-4.31,1.36,6.95,-4.44,13.4,-2.8,-13.8,-10.3,0.136,0
2.05,-27.0,-23.9,-24.5,-8.67,-1.54,-12.6,-10.7,-5.85,-6.34,-5.87,-20.4,4.86,0
1.24,-23.2,1.03,-4.06,1.77,-5.48,5.98,-1.61,1.43,-3.51,4.02,3.32,-2.58,0
3.11,-46.4,-23.6,-7.08,-11.8,0.105,0.262,-2.96,-18.2,-25.8,-4.46,-3.32,-1.62,0
3.46,-22.7,-7.1,4.8,-4.03,-12.6,1.46,18.8,-3.47,-8.3,3.62,-4.89,2.06,0
3.79,-38.0,-5.34,12.4,-9.59,6.82,12.0,-14.3,-10.4,16.7,15.1,-1.12,-8.75,0
2.28,-29.6,-23.5,-30.0,-18.7,-14.3,-18.7,4.25,4.9,-15.8,-10.6,-4.39,-10.3,0
-0.0252,-31.4,-22.0,-2.41,-9.55,-7.88,3.09,-11.7,11.0,-12.9,11.7,-11.4,7.14,0
2.32,-32.7,-4.21,8.81,7.98,6.54,2.76,-4.99,3.25,-2.29,0.000964,-0.435,-1.64,0
4.7,-27.2,-8.32,11.6,-23.8,-3.13,3.49,-1.28,6.08,-14.7,-2.25,7.71,2.87,0
3.44,-41.7,-17.8,-0.422,-14.3,3.41,-14.7,-8.88,-11.9,-23.2,-2.14,2.67,-3.14,0
0.896,-20.3,-10.4,3.83,30.8,-5.16,4.51,-24.9,-5.97,2.91,-5.45,13.5,5.33,0
2.23,-25.4,-7.07,-5.13,1.24,-0.984,-0.337,-10.5,-1.8,0.319,0.225,2.23,2.6,0
1.07,-34.6,-13.0,-0.512,2.72,4.87,4.41,0.132,-24.4,-8.73,0.0938,-0.493,7.18,0
2.05,-32.4,-14.4,-17.8,-17.7,-8.39,-10.3,-10.7,-14.2,-12.7,-3.19,-4.52,-0.163,0
2.05,-45.9,-15.2,-4.97,7.21,1.2,-20.2,-15.9,-16.1,-17.6,-3.49,-0.0969,12.1,0
0.664,-45.3,-24.3,-22.7,-31.4,-8.64,-4.07,-2.47,-22.7,-1.51,7.66,-6.56,-17.8,0
1.68,-25.9,-3.21,-0.011,-0.562,-0.699,2.7,2.92,-11.1,-3.49,-9.56,3.4,10.4,0
1.85,-26.3,-0.23,0.404,0.43,-6.22,0.419,7.85,-8.9,-1.03,1.27,-20.7,-3.4,0
1.92,-44.0,-11.9,3.02,-11.9,-19.4,-34.5,-17.6,-8.59,1.92,2.13,3.45,-3.03,0
0.907,-11.8,1.47,-3.64,1.35,-8.34,-17.0,-0.758,4.6,-4.62,10.3,5.38,-10.7,0
2.92,-21.4,-11.5,-8.2,5.36,-9.98,-10.7,-9.12,-8.01,10.9,3.58,0.764,9.43,0
0.672,-33.0,-25.1,-20.5,-15.7,-7.04,4.57,-3.22,-14.2,6.47,10.7,-16.0,1.2,0
0.666,-34.4,-9.4,3.48,-7.37,-17.0,-14.7,9.46,13.3,-14.1,-2.84,3.53,-4.72,0
1.58,-37.7,-4.76,-3.09,-6.79,3.18,-2.24,-2.38,-18.1,-7.35,3.19,1.4,-7.41,0
1.92,-32.7,-23.8,-25.4,-18.8,-16.0,-13.9,-15.0,-22.1,-10.1,1.26,-5.37,1.35,0
0.664,-30.7,-14.9,-14.2,1.96,-8.13,-1.98,7.3,-3.24,4.27,-2.47,-6.76,-1.1,0
2.05,-48.4,-9.65,-2.32,2.63,6.99,24.8,1.33,-5.59,-16.1,5.16,0.16,6.96,0
3.71,-34.1,-28.9,-12.1,-6.82,-20.1,-10.6,-0.938,0.869,-12.7,-9.07,3.93,0.0198,0
4.01,-25.4,-21.9,0.635,5.04,-10.4,1.22,3.58,-1.47,-0.402,2.14,-3.3,7.62,0
4.75,-39.8,-13.4,13.5,-4.85,9.67,-29.1,-17.6,-1.68,3.28,6.87,-18.1,2.62,0
3.23,-25.4,-4.92,8.12,-2.71,-4.51,-6.65,10.2,7.7,-6.25,-2.64,-15.6,-15.5,0
4.45,-28.0,-21.1,4.4,-0.523,0.405,11.4,-19.6,4.88,12.9,7.94,11.3,-4.93,0
2.12,-27.4,3.62,-3.69,-2.32,3.01,1.88,-4.2,-0.688,-0.913,11.4,1.55,-4.37,0
0.664,-35.4,-11.2,-3.87,-4.13,-15.7,-3.62,0.484,6.95,-11.2,3.18,2.42,-6.96,0
0.666,-36.4,-18.0,-5.44,-9.74,-5.28,-5.15,-5.93,-3.82,-8.61,-7.04,-11.1,-6.34,0
0.664,-33.0,-21.3,1.7,-1.56,3.99,16.3,-3.51,8.0,-28.3,-6.07,-17.8,14.1,0
1.07,-53.9,-16.5,13.4,-7.76,-18.9,2.24,-9.98,9.01,-3.25,-0.221,-1.71,-1.64,0
-0.0261,-45.1,-7.97,-12.3,-5.1,-6.9,-2.59,-2.47,-0.434,-0.763,0.0301,-1.29,-0.797,0
4.12,-36.8,3.49,5.27,-8.41,7.89,6.1,19.7,-7.78,31.0,-8.37,7.91,1.51,0
1.78,-46.2,-21.1,-20.0,-6.66,5.13,6.86,-13.8,-13.4,-4.11,-14.0,-0.748,10.2,0
4.15,-38.2,-20.0,-5.33,-9.8,8.05,-12.7,8.15,10.0,-8.18,-2.74,-0.465,21.6,0
0.664,-40.3,-14.4,-1.28,-6.65,8.45,4.71,14.5,-0.716,-5.35,-20.1,-12.8,-3.19,0
4.04,-34.8,-16.8,5.08,-2.43,7.24,-12.9,-10.3,11.4,-1.48,13.9,18.1,1.91,0
1.07,-46.4,-18.5,-24.5,-27.9,-14.6,-2.11,-7.6,-11.9,-0.516,-8.85,0.623,-5.29,0
1.92,-35.9,-17.6,-6.83,9.67,6.55,1.2,6.31,-10.4,0.312,8.22,-0.801,-4.43,0
4.68,-31.8,-7.71,6.01,-13.8,11.3,-8.83,-0.334,-8.26,3.58,2.59,-12.2,10.7,0
2.17,-32.9,-6.32,-4.61,-8.66,-0.908,-8.41,-16.9,-7.78,-2.78,-2.06,14.0,13.5,0
2.5,-30.1,-7.03,1.37,-2.54,-1.04,-7.21,-4.68,11.9,-0.518,5.26,0.469,0.476,0
2.71,-31.0,-1.71,-0.196,-7.32,-4.42,-3.99,12.0,5.93,-5.75,-13.9,-1.48,7.61,0
0.663,-37.5,-2.23,-29.4,8.51,-5.28,-18.9,17.5,-12.3,-1.09,7.48,-7.07,-2.06,0
6.68,-33.6,-23.4,18.7,-7.93,18.5,-4.26,-8.24,-10.4,-4.89,11.3,4.26,10.1,0
1.58,-40.3,-18.2,-10.2,-11.1,-6.62,-13.4,1.64,3.09,4.95,6.3,7.08,8.62,0
1.77,-46.0,-17.6,0.964,-2.59,-3.55,6.39,-3.63,-6.97,-22.0,-12.8,-1.61,6.64,0
1.36,-34.4,-12.4,-14.2,-17.2,-17.9,15.8,0.193,-18.2,9.71,2.15,-5.52,-1.91,0
4.5,-24.8,-15.3,10.8,-3.02,3.71,-1.13,-3.4,7.99,-1.0,13.9,4.53,2.27,0
1.07,-48.3,-17.5,-6.45,-4.93,-12.3,1.54,-12.3,-1.48,-10.8,-9.43,-9.32,-10.2,0
1.36,-28.1,-5.14,-9.82,-0.907,1.18,-9.58,-23.2,9.92,7.78,0.708,-7.08,1.47,0
2.38,-21.0,-2.4,0.435,0.345,2.75,11.3,-9.62,-6.27,-1.4,-4.48,7.96,-1.69,0
3.09,-27.0,-12.8,-16.2,-9.22,18.2,16.6,-5.35,1.59,-6.12,0.0625,0.737,9.66,0
0.665,-41.0,-7.88,-1.76,-0.456,-4.13,-14.9,-10.1,3.5,10.2,-2.48,-6.62,2.37,0
4.35,-38.9,-8.38,16.3,-3.45,-2.06,-18.4,-21.2,-19.8,-6.48,3.56,-11.3,19.0,0
2.11,-26.6,-12.5,-8.33,6.4,-9.89,-8.55,10.3,6.03,9.74,0.167,-0.691,9.92,0
2.78,-29.2,-14.8,-3.45,11.4,-1.45,24.7,-6.11,-26.9,-0.11,10.5,2.54,14.2,0
0.392,-19.2,4.4,-6.05,-0.864,-1.88,2.3,1.97,0.378,-5.37,-2.75,3.55,3.96,0
1.36,-39.8,-9.38,-9.56,-4.45,6.56,-0.643,10.8,-1.4,-5.01,-9.96,-3.25,6.23,0
2.23,-25.5,-15.1,-11.9,16.5,7.41,-6.43,1.3,-5.73,-12.1,4.77,-6.02,2.13,0
2.79,-12.3,-17.1,-12.6,5.34,-11.9,0.286,-4.71,-5.28,12.5,16.0,13.6,-12.3,0
-0.0295,-38.7,-15.6,-4.88,-12.0,-0.681,-8.16,2.47,-4.78,3.02,-3.25,1.52,-3.17,0
2.11,-28.8,5.64,-4.47,-6.21,8.97,-5.74,4.68,-10.6,8.52,-0.352,-4.62,-0.79,0
5.47,-35.2,-18.9,7.68,-21.5,-2.87,-12.5,-14.0,-9.87,-17.8,2.19,-13.6,3.32,0
-0.0295,-38.7,-15.6,-4.88,-12.0,-0.681,-8.16,2.47,-4.78,3.02,-3.25,1.52,-3.17,0
5.48,-32.3,-21.3,-0.196,12.4,8.44,-23.3,9.26,-6.21,19.8,-7.72,1.14,3.81,0
2.86,-32.7,-13.0,3.56,14.3,8.94,26.3,2.51,-14.9,-19.7,-11.3,-5.66,2.32,0
3.95,-25.5,-12.7,2.45,-7.28,13.8,-0.659,-18.6,-14.9,-8.48,-9.77,7.17,13.8,0
1.07,-31.3,-8.79,-10.8,-29.3,-7.26,21.6,-9.93,-14.0,6.35,7.75,-8.64,-0.72,0
2.94,-34.0,1.59,19.0,10.4,7.54,1.96,-14.9,-7.68,12.8,22.4,26.9,8.88,0
6.85,-27.3,-21.8,12.8,1.32,7.52,-21.2,14.6,-0.726,5.69,-19.2,0.369,3.76,0
6.93,-31.7,-15.6,30.8,-16.8,-3.84,-10.0,18.3,9.41,-26.4,13.0,1.06,-9.58,0
3.27,-45.1,-9.47,-7.08,-13.2,-6.86,-28.7,-16.8,-33.3,-2.14,-3.28,7.69,4.58,0
2.17,-33.1,-7.48,-6.05,-16.0,-0.705,-6.78,-9.82,-3.64,-6.47,10.8,10.9,-2.9,0
4.37,-30.1,-14.6,13.3,-4.38,-0.308,3.54,-11.2,-1.32,4.49,6.82,-2.29,0.19,0
5.02,-22.3,-9.34,14.6,-0.289,19.2,-4.93,-0.105,0.289,12.6,17.6,4.62,8.92,0
1.76,-41.0,-6.47,-5.82,0.434,13.3,0.37,-13.8,-7.03,3.34,-9.86,-3.61,4.9,0
2.12,-24.2,-6.31,-12.3,-5.83,8.11,5.03,1.34,5.76,-5.8,-4.87,-11.0,-2.4,0
4.23,-38.9,-5.55,4.1,4.87,12.7,-18.2,0.551,-10.5,-13.3,-7.57,3.71,-8.39,0
0.671,-33.1,-11.7,-7.97,-15.0,-0.575,1.8,-13.9,9.67,-6.21,2.58,-2.93,0.102,0
2.81,-24.4,0.272,3.43,2.37,-5.83,-4.05,8.91,-10.3,-7.63,12.2,-2.23,-5.54,0
3.78,-23.2,-19.3,0.881,20.6,-0.278,12.8,6.72,-9.5,1.97,-4.51,-20.8,3.44,0
2.78,-27.6,-11.5,2.74,8.06,6.84,-9.47,-15.4,7.05,-5.1,-6.94,-18.3,1.82,0
4.79,-38.7,-12.8,4.91,-19.9,12.0,5.72,6.72,-12.0,-10.5,-3.95,-4.26,4.96,0
2.17,-39.7,-0.359,14.4,4.78,-9.81,-3.82,-5.98,-12.3,-7.87,13.2,15.6,-4.95,0
2.74,-26.4,-6.85,-3.92,-9.84,-7.62,1.59,0.444,-13.7,-3.24,6.81,-6.99,6.91,0
1.68,-23.4,-8.11,-1.41,11.6,10.2,4.79,-6.19,-16.0,-1.07,9.82,-5.55,-12.4,0
2.37,-24.7,2.94,-13.3,-13.9,-18.9,-8.22,-9.4,-15.5,-1.44,-3.09,7.57,-3.73,0
3.23,-35.9,-17.8,-7.42,-5.47,13.3,-3.35,-1.46,-22.1,-22.8,10.0,-4.16,-5.28,0
1.58,-32.8,-3.92,-16.4,-6.75,0.396,-2.08,1.74,3.1,-9.44,7.01,-1.83,0.47,0
3.04,-31.8,-0.412,-2.65,-4.98,20.4,11.7,17.1,21.5,-7.46,-7.87,1.68,5.54,0
0.665,-41.4,-9.2,-3.29,0.0168,1.94,-5.47,-12.0,-11.1,3.45,9.16,-0.141,-5.99,0
1.69,-26.0,-2.7,-1.25,2.39,1.11,4.99,4.3,-2.13,-6.79,9.15,-6.52,-13.9,0
2.78,-25.4,-1.16,3.27,4.9,22.6,5.88,-3.38,-16.6,-11.1,-2.46,-12.6,-8.58,0
2.54,-39.5,-15.2,-2.4,-9.31,-4.48,10.5,4.95,4.27,-0.81,-7.53,-21.3,-7.92,0
1.58,-44.7,-5.75,-13.0,-9.38,-10.8,-2.86,-3.83,-8.43,-8.94,0.775,-9.6,-10.2,0
4.43,-36.9,-2.8,-1.99,-17.4,11.4,8.9,13.7,-14.7,-2.98,3.91,10.2,-0.181,0
4.06,-34.0,-3.45,-9.83,-2.79,13.2,-11.7,1.39,-10.3,5.55,0.0481,-3.07,7.62,0
4.1,-34.4,-31.7,-23.7,2.09,30.9,14.1,2.86,-7.85,-4.51,30.3,0.436,3.11,0
1.58,-36.5,0.795,-0.737,-13.6,-2.53,0.0612,3.01,-14.8,-7.24,14.3,3.09,-11.6,0
0.671,-46.4,-5.77,-6.63,4.86,6.14,6.47,-4.68,-16.3,-18.1,-3.18,10.6,7.73,0
-0.0233,-21.4,-15.3,-20.1,-0.718,1.24,-15.3,0.783,9.94,-15.5,5.89,6.68,-16.3,0
3.39,-35.6,-5.8,5.31,6.48,30.6,6.25,-4.97,-2.12,-19.8,-3.33,8.46,-7.11,0
2.81,-31.6,5.89,17.1,9.75,10.9,-2.65,2.98,-5.3,-8.8,-0.923,12.4,16.7,0
5.02,-15.9,-20.3,6.3,-0.102,17.3,-4.06,-14.3,3.95,-10.9,-1.98,10.8,3.34,0
1.07,-46.4,-7.07,-12.6,-9.74,-12.1,-1.32,3.29,-3.13,-17.1,-16.8,0.831,14.6,0
2.97,-32.3,-5.23,5.46,-13.8,2.33,0.000566,-17.2,-7.46,0.117,-0.876,-17.7,3.28,0
-0.0261,-45.1,-7.97,-12.3,-5.1,-6.9,-2.59,-2.47,-0.434,-0.763,0.0301,-1.29,-0.797,0
3.27,-28.5,-4.09,7.63,14.4,17.6,-0.807,-14.3,-5.45,6.1,-6.77,-0.374,3.63,0
0.664,-37.1,-14.9,-6.95,-3.71,-4.76,5.55,0.552,6.61,-4.04,-4.12,-9.46,-1.49,0
3.26,-26.7,2.38,11.6,0.271,9.87,4.4,-6.88,7.34,7.07,2.97,4.46,2.95,0
4.84,-45.9,-18.8,17.3,-10.8,-0.318,0.44,11.3,17.1,-0.665,-3.25,-24.6,-1.9,0
2.55,-41.7,-5.35,3.51,11.2,-5.79,-10.1,-4.48,-15.7,-17.9,-16.6,-6.71,-0.588,0
3.2,-38.2,-22.6,-14.0,-7.29,0.536,-5.6,1.06,-17.4,-19.8,-2.73,-4.34,-3.97,0
1.77,-43.4,-13.0,-0.199,-13.2,-21.5,-35.0,-20.0,-0.629,1.93,3.66,3.82,-5.39,0
1.93,-39.0,-3.87,-6.15,-11.6,4.69,6.61,0.209,16.7,9.18,7.2,-2.12,2.71,0
3.38,-25.3,-16.7,-0.319,18.0,-2.84,-1.5,4.64,-2.23,-0.8,1.48,6.84,-0.709,0
2.33,-30.4,-2.23,4.37,1.64,11.4,-2.4,-2.87,15.2,-5.58,-8.3,7.56,4.44,0
0.664,-40.3,-15.9,-3.1,-8.93,3.61,-1.76,11.8,6.82,15.5,4.61,-1.23,-15.4,0
0.665,-42.2,-12.8,-9.34,-9.22,-7.52,-8.97,-7.67,-9.79,-8.82,-7.36,-1.92,2.65,0
0.663,-46.4,-4.89,-4.81,7.09,5.41,1.26,-13.8,-20.7,-10.3,9.81,11.6,0.788,0
2.99,-33.5,-8.61,5.57,-3.55,-7.93,12.8,4.8,7.19,-5.89,12.8,13.9,10.5,0
4.5,-29.7,-6.65,17.2,-5.2,10.7,-2.94,-1.17,-2.77,4.9,7.11,-13.1,1.92,0
2.22,-30.9,-6.13,6.59,4.49,2.5,-9.69,-4.77,6.89,3.87,15.1,2.64,1.65,0
0.666,-29.0,-15.8,-20.2,-1.96,-5.61,-2.43,-0.0978,-5.84,1.25,5.88,-10.3,4.24,0
3.24,-25.2,-13.9,1.67,0.941,-9.51,-0.749,16.0,10.3,-3.9,0.781,-2.16,-8.37,0
0.665,-43.7,-15.2,-15.9,-18.2,-11.8,-2.95,5.68,-1.07,-8.72,-3.05,8.6,-0.558,0
3.8,-25.1,-18.9,-3.87,-3.1,15.3,0.783,4.32,-5.59,-9.89,7.55,-6.83,3.61,0
1.76,-42.7,-11.5,0.239,4.33,7.02,-4.13,-6.29,2.86,21.5,19.5,1.9,-11.6,0
1.37,-45.9,4.21,10.2,13.6,-10.1,-20.5,-14.6,0.0436,2.98,1.28,5.12,-3.02,0
-0.0261,-45.1,-7.97,-12.3,-5.1,-6.9,-2.59,-2.47,-0.434,-0.763,0.0301,-1.29,-0.797,0
2.54,-41.6,-16.5,1.02,-10.7,-8.33,3.55,-1.03,3.55,-1.2,-13.8,-16.8,4.41,0
-0.0195,-16.3,-3.83,-13.8,-15.8,-10.4,5.23,6.13,-8.43,-11.7,8.81,9.18,-9.86,0
1.36,-27.8,-13.8,-14.3,6.5,10.4,-2.82,-12.8,-17.3,3.94,4.77,-3.14,3.21,0
1.07,-46.7,-8.67,-14.0,-7.8,-9.06,-0.916,3.83,2.49,-10.2,-17.8,-10.8,1.84,0
2.28,-33.6,-5.59,-3.67,-5.72,5.22,7.9,-15.7,2.72,3.86,10.8,7.23,-5.93,0
-0.0261,-45.1,-7.97,-12.3,-5.1,-6.9,-2.59,-2.47,-0.434,-0.763,0.0301,-1.29,-0.797,0
6.09,-36.9,-34.4,15.6,-7.86,11.0,17.0,-22.6,-21.1,-0.28,3.99,-18.7,-20.4,0
1.99,-27.0,-0.776,-4.52,3.94,-10.0,6.88,-4.13,-4.86,1.87,1.16,9.53,-6.83,0
1.07,-39.4,-5.87,1.6,-0.0448,-5.54,-15.5,4.14,6.33,-10.6,-7.53,7.06,-3.99,0
3.34,-36.1,-8.5,2.16,-6.77,11.7,-3.83,-17.3,21.5,6.17,8.64,-0.139,-5.3,0
3.64,-25.7,-18.4,-5.86,-1.77,11.6,5.78,-3.59,22.3,12.4,-2.3,-4.59,10.4,0
1.23,-23.4,-1.82,-1.39,-1.6,-11.0,-3.99,6.34,6.36,-5.07,-7.57,10.4,-2.76,0
4.05,-41.5,-11.8,23.1,-3.44,-2.25,2.76,9.38,4.46,-12.7,3.92,0.837,-1.49,0
2.68,-39.1,-6.44,11.2,-10.3,-14.2,14.8,13.2,-0.0726,-5.03,-1.99,-12.0,-0.0571,0
3.91,-38.0,-7.06,15.3,-7.78,-5.81,5.62,-4.48,-10.8,-3.21,13.0,0.769,0.382,0
2.92,-30.4,-16.3,-22.4,-11.4,12.9,12.7,-7.31,-8.98,-15.8,-8.72,6.0,13.9,0
2.68,-47.6,-26.7,-19.7,-19.5,10.6,15.6,2.82,-10.9,-17.4,-13.2,-0.951,-0.339,0
3.2,-26.2,-4.92,6.81,-13.5,-5.03,2.99,-5.94,-5.01,6.04,-0.691,-4.34,10.5,0
2.89,-27.4,-21.6,-7.55,6.23,-8.43,9.04,-0.958,-8.5,12.7,5.96,8.44,9.44,0
3.5,-25.7,-2.88,1.35,-6.28,19.3,19.3,2.29,4.66,-11.2,-0.648,10.5,-0.308,0
1.76,-35.7,-6.93,-3.58,-4.77,-2.6,-7.25,-9.47,8.32,7.47,3.61,-11.0,-5.17,0
4.51,-7.02,-14.6,-8.22,6.34,-13.8,-14.3,7.24,0.941,-6.04,-3.7,-10.9,-11.7,0
3.82,-27.1,-8.04,1.57,-7.29,4.59,-8.5,-6.21,-17.4,-0.12,5.76,-15.9,6.73,0
0.664,-39.4,-9.89,6.1,0.527,2.81,-21.1,-17.5,-7.18,21.6,6.52,-5.43,-6.17,0
2.57,-27.6,-5.69,0.593,-3.88,6.38,5.83,-8.72,-4.45,-2.87,-0.569,6.5,2.48,0
1.48,-22.1,-0.26,-2.23,10.4,7.07,-8.71,-8.86,0.735,-3.82,3.55,-3.81,4.27,0
2.27,-35.6,4.61,4.41,-7.49,-8.68,-6.01,1.03,-15.8,-12.2,8.57,-0.642,17.4,0
0.666,-41.0,-26.1,-19.9,-16.0,1.26,-1.56,-14.5,3.22,8.96,-10.5,-4.43,12.9,0
4.6,-35.3,-16.7,9.6,-0.347,20.3,-6.07,3.01,7.98,-1.45,13.2,-12.2,-3.8,0
4.13,-33.0,-28.3,-11.5,-12.5,-15.0,-28.1,-17.5,-13.9,11.5,13.1,3.36,5.96,0
-0.0261,-45.1,-7.97,-12.3,-5.1,-6.9,-2.59,-2.47,-0.434,-0.763,0.0301,-1.29,-0.797,0
4.28,-35.9,-37.7,-10.0,6.34,-11.1,-13.8,-7.11,2.86,1.52,2.05,-6.78,-0.39,0
1.76,-36.5,-8.58,-14.2,-3.19,2.34,-8.46,-1.61,3.07,-11.5,-6.99,-0.256,-5.23,0
1.77,-32.2,-7.54,-6.54,-5.24,-0.733,-12.0,-3.02,8.32,10.5,-6.7,1.88,6.83,0
4.47,-22.5,-23.5,0.379,5.56,-6.17,-2.65,-4.41,-7.19,7.62,21.8,3.88,-12.5,0
3.96,-30.5,-8.28,14.4,-2.17,-8.69,-14.3,-2.6,10.6,-6.99,1.99,0.885,-7.51,0
2.5,-32.7,-9.86,2.65,11.5,27.2,10.4,-9.45,4.19,5.15,11.6,3.35,2.45,0
-0.0261,-45.1,-7.97,-12.3,-5.1,-6.9,-2.59,-2.47,-0.434,-0.763,0.0301,-1.29,-0.797,0
-0.669,-9.85,3.86,0.332,1.05,-3.92,-3.91,-3.23,0.747,2.19,1.36,-1.83,-1.28,0
0.893,-22.9,1.79,-1.92,-2.67,-0.866,0.384,2.34,-0.327,1.28,4.92,3.43,-2.01,0
4.17,-35.9,-16.1,4.59,-15.0,-2.11,-6.32,-17.8,-7.24,-6.84,-4.44,0.0661,9.32,0
3.38,-28.0,-5.89,10.6,-0.685,-0.531,0.61,-8.12,-2.42,-13.3,-1.45,13.2,6.92,0
4.46,-19.1,-4.69,16.8,-13.4,-4.4,14.2,7.07,4.86,-11.2,-6.68,-6.2,5.49,0
1.23,-26.1,3.23,8.26,0.461,-9.41,-9.54,7.15,3.28,1.64,0.192,-5.7,2.53,0
2.92,-28.8,4.6,24.1,9.83,7.74,11.4,-7.55,-7.15,-0.705,-17.5,-22.2,4.47,0
2.17,-40.5,-14.9,-12.7,-5.95,-9.22,-12.7,-13.8,0.541,-4.44,10.8,19.8,5.09,0
1.36,-38.0,-15.4,-10.1,-9.88,-10.5,8.65,-1.97,15.8,11.7,11.1,10.7,5.63,0
6.86,-45.6,-21.9,-0.444,-26.4,9.02,-30.5,-1.89,3.84,13.9,3.66,1.69,3.52,0
1.68,-23.2,2.26,-0.565,7.42,4.49,-8.36,0.0978,-5.55,7.8,3.3,-9.18,8.13,0
3.61,-43.0,-22.0,-4.52,-14.2,8.6,10.1,9.47,30.4,11.2,3.08,5.67,-1.63,0
5.57,-28.1,-13.4,14.6,-19.4,6.85,3.54,-1.61,-8.54,0.492,4.41,-13.4,5.78,0
0.667,-24.6,-9.06,-11.7,-18.2,7.0,-10.9,5.67,-9.33,1.57,5.16,-4.84,-5.03,0
1.92,-36.0,-1.28,-3.12,-6.49,14.4,-1.69,-3.56,5.66,-15.7,-12.2,-4.43,4.87,0
0.897,-20.0,-0.415,-9.89,-2.37,9.17,26.7,22.0,-2.07,-16.6,-3.51,-4.07,-17.0,0
-0.0214,-18.2,-8.04,-19.0,-12.9,0.318,5.02,-10.6,-8.83,13.2,1.22,-15.5,6.78,0
1.36,-44.3,-11.3,-10.1,-7.36,-5.21,4.09,11.4,9.5,15.4,17.1,9.39,5.19,0
2.37,-30.8,0.199,6.23,-6.87,-6.37,4.57,12.1,-2.05,-15.4,2.11,6.05,1.99,0
3.92,-30.0,-14.6,12.9,0.0766,-1.23,-10.3,4.19,11.5,1.03,-1.2,0.208,-0.103,0
2.27,-36.2,-0.732,-8.1,-8.41,13.4,0.925,3.58,11.4,-0.0751,-4.48,0.44,-14.4,0
3.5,-29.6,-8.11,10.6,3.49,12.7,10.1,-3.91,-0.584,-2.84,-4.89,8.14,4.78,0
1.58,-29.3,-16.6,-18.7,-8.3,11.1,-7.39,-5.3,-7.87,-14.6,-4.63,-2.71,-14.2,0
1.86,-16.5,-3.55,-7.66,5.65,17.9,-12.0,-20.7,-8.11,10.7,13.6,-0.262,-0.545,0
3.92,-15.1,-16.7,-5.22,1.88,-12.8,13.6,14.5,-16.3,-5.53,18.2,10.3,3.96,0
3.11,-36.1,-7.86,0.9,-13.1,-4.31,-22.8,-22.4,-13.2,-7.79,10.1,-5.17,-5.73,0
3.13,-31.5,-11.7,0.909,-2.26,3.35,9.08,-19.6,-4.27,9.69,7.42,-7.67,-16.7,0
3.35,-28.2,-8.12,-3.7,-2.86,1.58,-7.92,2.01,-5.87,-16.6,7.39,2.83,-5.91,0
1.07,-37.4,-9.28,2.42,3.54,2.72,-3.41,-30.0,-8.01,6.18,10.8,5.9,-4.95,0
2.78,-33.2,-2.34,5.53,4.7,3.9,2.36,3.25,-23.7,-15.8,10.5,-5.34,8.57,0
3.04,-32.1,-0.561,1.97,-4.26,-0.274,-20.7,-9.06,7.07,-4.86,-6.28,-6.09,7.13,0
3.92,-33.0,-9.45,8.56,-9.29,4.4,1.62,-16.5,-3.8,7.35,4.39,-4.14,-4.8,0
1.07,-52.5,-20.1,5.78,-7.35,-11.6,-0.916,-1.56,-4.92,7.15,-8.3,4.83,-3.57,0
3.15,-25.6,-4.07,1.04,-8.81,9.39,6.51,-8.28,6.13,-16.7,11.5,-2.06,-7.58,0
6.57,-34.9,-32.4,14.2,-10.3,3.74,-3.73,2.7,4.85,-16.9,15.5,0.893,-11.8,0
7.13,-22.8,-16.4,23.8,-26.3,4.07,1.56,2.51,-1.02,-13.5,7.54,-4.02,16.3,0
-0.0248,-17.4,-7.02,-18.1,-13.4,-3.4,6.92,-5.68,-11.9,5.4,11.4,-13.5,-4.67,0
3.27,-37.5,-21.3,-16.9,-11.9,4.26,6.7,2.03,2.7,-7.65,8.12,8.93,8.36,0
3.62,-31.6,-15.0,13.5,4.85,-19.7,12.9,3.01,-15.6,2.0,3.38,-7.57,-13.9,0
-0.0295,-38.7,-15.6,-4.88,-12.0,-0.681,-8.16,2.47,-4.78,3.02,-3.25,1.52,-3.17,0
1.58,-42.9,-12.3,-8.14,-3.82,-7.87,-7.11,5.91,-4.26,-5.38,1.17,-6.54,5.27,0
0.894,-20.9,-2.02,-0.659,-0.449,8.63,-11.2,-2.99,-10.6,-14.6,-0.822,4.31,12.4,0
2.89,-24.0,-17.9,-20.6,1.02,11.9,14.0,14.2,9.17,-1.25,-13.3,-25.2,3.33,0
1.6,-40.2,-6.7,0.394,14.5,3.83,4.19,-15.5,-12.9,-18.6,-1.33,20.0,12.9,0
-0.0295,-38.7,-15.6,-4.88,-12.0,-0.681,-8.16,2.47,-4.78,3.02,-3.25,1.52,-3.17,0
1.76,-38.7,-9.52,-2.73,-5.53,-22.0,-8.93,7.43,16.2,-3.92,-4.01,-12.7,-4.64,0
1.58,-44.0,-17.6,-9.95,-15.1,-13.0,-16.6,-1.4,11.5,20.0,6.17,-6.17,-12.6,0
0.666,-33.9,-16.0,-12.5,-2.05,-14.5,-1.92,-8.71,-6.58,-0.466,-2.82,5.28,0.287,0
4.63,-39.2,-15.0,8.47,-9.04,15.8,8.98,0.658,1.24,-7.18,4.5,1.73,2.72,0
3.42,-31.7,-18.4,-2.68,5.6,1.53,-6.18,-5.25,-6.34,-9.55,-6.07,-11.6,-13.7,0
4.02,-26.4,-21.3,-1.35,0.831,-2.92,-1.16,7.53,5.84,2.12,0.57,-6.34,7.64,0
1.99,-24.5,-9.16,-5.78,3.22,0.931,1.98,-10.7,-6.1,-3.37,4.41,7.32,11.1,0
-0.687,-12.3,-0.805,-3.55,-0.498,-3.24,-0.714,-1.23,0.369,-0.0941,0.62,-0.712,-0.474,0
-0.0261,-45.1,-7.97,-12.3,-5.1,-6.9,-2.59,-2.47,-0.434,-0.763,0.0301,-1.29,-0.797,0
-36.0,0.0,0.0,0.0,2.66e-14,0.0,6.86e-14,0.0,7.68e-14,0.0,6.75e-14,0.0,3.51e-14,2
2.27,-39.9,-7.34,-1.38,4.85,-0.657,-10.8,-18.8,6.62,3.27,-7.55,4.95,0.639,2
0.665,-42.9,-13.3,-10.4,-12.2,-12.4,-14.0,-10.1,-5.84,3.61,7.17,1.11,-7.86,2
-0.0261,-45.1,-7.97,-12.3,-5.1,-6.9,-2.59,-2.47,-0.434,-0.763,0.0301,-1.29,-0.797,2
2.94,-28.0,-5.99,-11.3,-0.354,5.85,0.439,2.73,-11.6,0.934,0.635,-7.34,-13.4,2
0.39,-18.7,-4.6,-4.35,12.5,21.0,3.15,-20.0,-6.57,-1.27,-6.28,1.36,7.24,2
4.26,-26.8,-16.6,-3.13,-15.0,2.12,3.83,-19.7,6.05,-1.35,-8.84,12.0,5.86,2
2.11,-26.1,-9.61,-8.32,0.743,-13.1,5.33,9.69,7.76,16.9,-2.32,-1.57,-9.25,2
3.58,-27.7,1.46,-6.99,-12.2,4.59,-2.92,13.4,-0.953,-14.3,13.1,-2.71,7.34,2
2.84,-33.5,1.2,10.1,-2.76,-10.1,-10.5,2.06,24.1,-7.03,3.24,0.86,1.44,2
1.07,-51.3,-21.9,0.643,-8.18,-1.92,1.28,-3.13,4.29,-5.32,-1.9,-12.3,-8.3,2
4.64,-16.3,-28.8,-15.0,16.7,14.1,-3.89,-14.0,-6.9,-4.2,10.1,3.37,-7.4,2
3.17,-30.3,-9.01,2.13,-3.36,0.195,8.2,-1.53,21.5,5.19,-15.3,-9.1,0.857,2
0.664,-36.5,-13.3,-4.72,-0.0903,-3.92,-1.35,-12.8,-3.0,0.126,8.15,-3.98,-3.9,2
4.37,-36.7,-22.2,14.5,9.87,-25.1,14.9,24.4,-2.69,-0.93,2.07,9.97,-1.06,2
2.17,-27.6,-11.2,-16.2,-11.6,-1.58,-1.59,-6.09,-10.0,-17.5,-15.5,0.139,5.69,2
1.36,-45.7,-7.26,-2.74,-2.02,6.72,-2.51,-11.4,-19.0,2.56,10.7,2.17,-7.81,2
2.05,-37.8,-11.3,-2.77,9.93,11.1,-1.71,-11.9,-4.77,7.12,2.23,-14.2,-12.6,2
-0.0286,-28.4,-20.3,-10.6,2.67,-19.5,9.45,-9.64,-0.287,5.76,-10.9,10.8,-11.0,2
3.29,-30.1,-4.3,-1.72,-15.7,-6.43,-14.2,-13.5,5.69,-3.23,15.0,10.9,7.42,2
2.12,-26.8,-4.87,7.36,22.8,2.84,-5.53,0.635,-10.8,12.4,20.5,16.8,9.55,2
1.36,-37.2,-1.77,-13.5,-11.6,0.462,-2.07,9.11,-6.02,5.79,7.58,-15.9,1.49,2
3.48,-36.7,-8.12,10.5,0.255,6.41,6.38,-12.6,-8.65,3.0,0.515,3.88,5.4,2
3.37,-39.2,-18.3,-0.712,-6.97,0.361,0.517,8.86,-4.83,-15.9,1.12,-8.85,-3.85,2
4.11,-31.7,-23.8,2.37,10.4,3.77,-3.11,10.0,-12.5,-10.4,6.88,12.7,-2.74,2
2.27,-35.2,-19.8,-12.2,1.13,-6.9,-14.7,11.0,4.7,-9.9,7.45,13.2,-7.6,2
4.22,-23.1,-17.6,-1.99,-5.18,13.9,16.3,11.2,3.33,-15.7,-12.9,-13.4,-7.24,2
3.09,-31.6,-20.9,1.38,13.0,-1.01,3.57,-3.16,-0.36,1.99,4.66,-2.94,1.49,2
2.68,-33.6,-14.4,1.2,3.14,-6.22,-16.7,-4.9,0.129,3.84,-10.2,-17.7,-15.7,2
3.6,-31.3,-24.2,-2.84,-4.81,-22.7,9.84,-3.23,-5.73,8.57,-5.58,15.3,22.3,2
2.94,-33.0,0.913,-4.09,-12.4,3.83,3.37,4.47,5.94,4.08,8.44,-0.589,-0.873,2
4.31,-25.9,-21.7,1.7,1.99,-5.8,-12.5,16.5,6.87,-14.3,-7.56,13.8,11.8,2
2.28,-42.4,-25.4,-13.8,-7.18,1.42,10.9,-7.66,-5.22,-9.21,2.8,-6.74,-5.02,2
2.05,-39.5,-26.6,-16.0,-3.41,-2.95,-5.73,-14.7,8.05,9.72,13.9,3.48,-0.721,2
2.68,-36.2,-13.9,-11.4,-8.67,7.43,5.39,-7.59,-4.73,-1.61,8.17,-3.24,-8.08,2
-0.0261,-45.1,-7.97,-12.3,-5.1,-6.9,-2.59,-2.47,-0.434,-0.763,0.0301,-1.29,-0.797,2
3.3,-32.6,-27.6,-7.74,11.2,3.68,3.73,-2.13,-10.9,-6.32,7.16,4.51,-4.18,2
2.61,-32.0,-13.5,-7.65,-1.77,4.33,-5.91,-9.56,-4.45,4.05,-7.9,2.22,-11.5,2
-0.0261,-45.1,-7.97,-12.3,-5.1,-6.9,-2.59,-2.47,-0.434,-0.763,0.0301,-1.29,-0.797,2
2.62,-21.8,-9.4,-2.61,16.4,-12.4,-11.6,-1.44,2.31,7.53,4.78,4.37,-6.67,2
3.68,-32.6,-5.07,11.1,2.28,22.3,-2.77,-19.1,-1.61,-3.03,-2.67,-0.161,3.44,2
4.04,-23.8,-20.7,2.94,4.98,-2.05,26.6,-13.1,-25.7,-4.17,5.19,-1.14,-8.32,2
2.83,-32.1,-1.52,4.5,-11.7,-15.5,15.2,-3.96,2.4,9.54,-6.75,10.0,8.18,2
3.82,-21.8,3.8,1.21,-15.1,5.11,-7.08,-9.51,-5.45,-9.52,6.95,-8.3,-7.12,2
-0.0261,-45.1,-7.97,-12.3,-5.1,-6.9,-2.59,-2.47,-0.434,-0.763,0.0301,-1.29,-0.797,2
-0.0261,-45.1,-7.97,-12.3,-5.1,-6.9,-2.59,-2.47,-0.434,-0.763,0.0301,-1.29,-0.797,2
-0.0261,-45.1,-7.97,-12.3,-5.1,-6.9,-2.59,-2.47,-0.434,-0.763,0.0301,-1.29,-0.797,2
2.37,-37.8,-17.0,-7.61,1.83,-1.28,-6.65,4.14,11.0,-19.3,-12.3,-18.8,9.61,2
2.92,-25.5,-16.2,-13.5,-3.27,4.22,17.4,4.96,3.9,-8.82,-29.4,-15.9,-1.0,2
-0.0242,-25.1,-19.7,-14.3,3.64,-12.4,-6.42,10.1,-16.0,10.8,-3.23,-6.17,8.54,2
1.07,-39.4,-6.19,-12.6,-12.2,3.59,-2.24,-4.46,12.1,-0.905,8.86,0.676,3.98,2
2.84,-29.2,-5.89,-9.75,-15.3,-2.55,5.97,5.2,0.368,0.503,7.86,-1.17,-4.54,2
1.99,-29.3,0.327,6.23,-6.33,-6.21,5.51,17.4,7.23,-9.76,8.51,2.96,-2.09,2
1.76,-41.5,-12.1,-8.65,-18.1,-15.8,-6.51,-0.177,-7.28,-16.9,6.56,7.4,0.335,2
1.76,-41.5,-12.8,-13.7,-13.3,-14.8,0.957,-17.6,-15.0,-6.97,-2.32,7.91,0.823,2
2.61,-37.0,-10.7,-7.01,-20.3,-15.4,-9.53,-0.885,-1.54,-11.7,3.2,-15.7,0.211,2
3.23,-33.1,-26.3,-12.6,1.2,-20.6,-14.1,2.2,7.21,7.71,-7.47,-18.4,-10.8,2
0.671,-36.7,-13.8,-5.38,-0.865,-2.5,2.42,-9.18,-5.68,-6.41,6.75,1.91,-2.06,2
-0.0261,-45.1,-7.97,-12.3,-5.1,-6.9,-2.59,-2.47,-0.434,-0.763,0.0301,-1.29,-0.797,2
1.68,-27.1,4.27,3.89,-9.83,-12.1,16.0,14.6,4.49,5.3,-4.68,-8.3,-5.72,2
2.75,-37.1,-17.1,1.49,10.7,8.79,4.78,3.61,12.6,6.42,-19.1,-18.2,-0.201,2
3.79,-36.8,-6.64,16.5,-4.4,-1.38,-3.57,-9.75,-1.03,-32.5,-11.9,6.04,5.39,2
3.27,-48.1,-7.28,6.18,-14.7,4.12,15.2,-6.27,19.9,1.39,6.98,-1.83,-5.29,2
0.897,-22.8,1.98,0.292,0.582,1.22,-4.59,-4.56,-0.569,-0.246,-7.92,-2.23,5.46,2
2.17,-43.5,-14.1,-1.4,-4.58,-22.4,-6.18,-4.77,-23.0,-4.48,-0.588,-3.74,4.53,2
3.61,-45.1,-1.6,12.5,7.07,5.44,0.0469,8.31,-13.9,11.7,2.12,-8.22,-0.555,2
4.12,-37.3,2.95,17.6,-17.3,-2.03,12.0,-9.57,9.03,-20.8,-4.75,2.42,0.575,2
1.36,-45.5,-4.51,-3.87,6.25,-1.76,-4.97,-6.74,-2.85,-4.9,-13.2,-14.2,-2.76,2
-0.0252,-31.4,-22.0,-2.41,-9.55,-7.88,3.09,-11.7,11.0,-12.9,11.7,-11.4,7.14,2
4.02,-43.0,-11.4,5.26,-5.75,25.3,11.8,16.5,0.218,-16.8,-6.22,-20.7,7.48,2
1.36,-36.0,-13.8,-4.5,-6.23,-2.97,14.1,8.67,-2.34,-12.4,-0.0318,-16.3,0.847,2
-0.0261,-45.1,-7.97,-12.3,-5.1,-6.9,-2.59,-2.47,-0.434,-0.763,0.0301,-1.29,-0.797,2
-0.0261,-45.1,-7.97,-12.3,-5.1,-6.9,-2.59,-2.47,-0.434,-0.763,0.0301,-1.29,-0.797,2
0.671,-45.5,-0.784,-0.205,5.33,-9.78,-21.8,-16.3,12.7,17.4,-3.99,-9.53,0.436,2
1.92,-33.0,-15.1,-15.7,-15.2,3.12,8.4,1.97,-14.2,-7.5,2.93,-9.21,-10.7,2
2.78,-30.3,-6.51,4.99,7.1,0.801,4.13,-4.53,-6.54,-8.77,-4.26,-3.4,-0.447,2
2.22,-30.4,-1.42,2.72,5.97,-0.411,2.46,-8.75,8.45,12.6,13.1,-16.1,-15.2,2
-36.0,0.0,0.0,0.0,2.66e-14,0.0,6.86e-14,0.0,7.68e-14,0.0,6.75e-14,0.0,3.51e-14,1
1.48,-25.5,5.22,-2.92,7.24,-5.37,-6.03,7.35,6.27,7.58,-2.14,-14.6,-2.95,1
4.75,-20.8,-8.28,10.1,-9.87,8.33,-15.0,-10.0,13.0,0.433,13.6,-17.7,-0.255,1
-0.0295,-38.7,-15.6,-4.88,-12.0,-0.681,-8.16,2.47,-4.78,3.02,-3.25,1.52,-3.17,1
3.69,-37.7,-31.6,-5.98,10.9,9.13,-3.15,6.22,7.92,-3.99,6.96,-0.738,6.88,1
4.82,-29.6,6.36,-2.04,-11.0,22.8,-19.9,-4.0,-0.683,19.3,-0.964,2.32,-1.42,1
2.05,-26.4,-8.37,-0.283,-4.3,-22.7,-4.32,-20.5,-11.9,-9.8,-3.52,-2.97,3.75,1
0.667,-28.5,-13.9,-2.36,12.6,-7.69,-10.5,-19.1,-11.6,21.4,5.38,-3.77,-4.41,1
-0.0295,-38.7,-15.6,-4.88,-12.0,-0.681,-8.16,2.47,-4.78,3.02,-3.25,1.52,-3.17,1
0.665,-41.8,-10.9,-5.37,-2.32,3.22,3.69,1.05,-8.44,-11.8,-5.69,4.23,5.02,1
3.72,-35.3,5.08,4.31,-16.7,4.74,-15.9,-6.32,8.46,-12.2,3.04,-5.71,7.14,1
2.05,-49.9,-16.7,-5.44,-6.81,-7.31,-1.71,-0.873,8.21,-20.0,-11.1,-18.1,4.9,1
3.15,-37.2,-26.3,-22.2,8.51,32.6,14.1,-12.9,-9.79,1.77,12.4,1.88,2.55,1
1.92,-41.4,-11.7,-9.15,-11.7,-8.19,-10.6,10.8,10.0,2.94,-11.2,-11.7,-11.2,1
3.46,-22.0,-25.1,-12.6,5.27,-5.81,12.0,-6.24,-21.0,-10.3,1.4,-7.45,-9.17,1
-0.0261,-45.1,-7.97,-12.3,-5.1,-6.9,-2.59,-2.47,-0.434,-0.763,0.0301,-1.29,-0.797,1
2.94,-32.0,-8.59,9.7,4.4,5.1,7.41,7.81,2.3,-11.7,-16.9,-8.44,-16.4,1
0.665,-36.5,-6.37,-12.6,-16.0,6.52,-5.28,-12.1,12.6,-10.1,6.2,-7.63,6.37,1
-0.0252,-31.4,-22.0,-2.41,-9.55,-7.88,3.09,-11.7,11.0,-12.9,11.7,-11.4,7.14,1
0.665,-42.1,-12.6,-9.19,-9.04,-6.94,-7.86,-6.3,-8.06,-7.66,-8.59,-6.92,-2.25,1
0.671,-50.3,-14.1,-24.4,-23.7,-22.9,-6.55,2.42,-3.54,-17.7,-8.21,7.33,1.52,1
3.13,-36.5,4.52,3.68,2.35,18.1,3.03,6.03,5.07,-10.4,-10.3,5.56,16.5,1
3.11,-42.5,-22.8,1.05,-5.61,-17.8,2.44,10.1,10.3,11.5,3.69,14.0,19.1,1
3.04,-33.8,3.49,4.3,-4.27,4.89,-9.29,14.6,-5.19,-12.7,5.33,-4.21,-1.14,1
-0.0295,-38.7,-15.6,-4.88,-12.0,-0.681,-8.16,2.47,-4.78,3.02,-3.25,1.52,-3.17,1
2.18,-30.4,-25.4,-20.1,-0.866,-3.94,-10.5,-4.21,7.74,2.27,1.68,-5.83,-7.54,1
-0.0261,-45.1,-7.97,-12.3,-5.1,-6.9,-2.59,-2.47,-0.434,-0.763,0.0301,-1.29,-0.797,1
2.8,-39.5,-9.82,0.781,-8.33,-8.71,-12.1,1.42,-5.7,-10.6,1.71,7.81,7.84,1
3.15,-35.3,-15.3,-11.8,2.93,4.67,-7.26,9.74,-8.78,-20.9,3.53,-4.28,11.3,1
1.07,-41.4,-10.6,-14.9,-13.3,3.58,5.15,-25.5,15.9,3.02,-13.6,5.36,2.17,1
1.58,-48.4,-22.9,-5.43,-3.7,3.39,16.1,8.4,-2.56,-20.2,-16.1,0.206,-13.1,1
2.65,-29.7,-12.8,-1.57,0.298,-6.25,6.34,12.2,-7.92,3.82,5.77,5.94,3.81,1
2.81,-33.5,0.09,-3.89,-7.25,-3.15,3.07,2.41,-16.6,12.1,-6.57,-4.89,-13.5,1
4.66,-32.0,-8.74,18.6,-10.9,1.98,2.15,-12.9,-8.18,-3.26,10.0,-3.68,-12.5,1
4.08,-42.8,-12.5,-4.15,-6.29,20.7,-2.52,8.16,6.89,1.96,-5.32,0.121,3.98,1
2.17,-32.1,-6.6,-4.65,-3.74,5.27,5.48,-2.09,-1.4,0.46,6.72,3.79,1.03,1
1.23,-24.5,3.8,-0.522,-7.17,1.27,-3.66,5.34,-4.47,2.17,6.54,8.44,-8.69,1
-0.0295,-38.7,-15.6,-4.88,-12.0,-0.681,-8.16,2.47,-4.78,3.02,-3.25,1.52,-3.17,1
1.59,-44.6,-6.79,-11.7,3.53,6.32,-2.15,3.63,-3.72,-18.0,1.93,-4.1,6.01,1
-0.0242,-25.1,-19.7,-14.3,3.64,-12.4,-6.42,10.1,-16.0,10.8,-3.23,-6.17,8.54,1
0.665,-41.8,-11.2,-6.25,-3.19,2.93,4.25,4.48,-3.21,-9.35,-11.0,-2.85,5.01,1
2.28,-19.0,-12.0,-6.99,11.6,-9.47,-3.55,11.4,3.13,-0.69,-10.4,-4.25,11.3,1
2.32,-25.4,-7.74,2.32,-1.02,-15.7,3.22,-0.463,0.363,-16.0,-24.2,-2.33,6.63,1
-0.0261,-45.1,-7.97,-12.3,-5.1,-6.9,-2.59,-2.47,-0.434,-0.763,0.0301,-1.29,-0.797,1
2.8,-38.5,-3.87,-16.6,-16.4,20.4,1.48,7.1,8.58,-0.987,0.555,1.06,-0.335,1
4.41,-41.0,6.75,11.8,-10.1,7.62,-6.64,14.3,-3.1,12.1,4.56,-1.34,-4.35,1
1.76,-46.7,-21.3,-12.9,-3.82,6.01,2.32,6.11,-3.16,-7.12,-8.8,-4.78,6.85,1
4.6,-31.3,-4.48,2.28,-11.5,3.73,-13.7,4.02,-6.02,-1.22,7.8,-11.3,-4.19,1
1.23,-26.3,0.143,10.1,7.54,-5.14,-11.0,-0.0628,7.79,-2.8,-3.12,-5.9,-4.44,1
3.62,-36.0,5.1,-0.848,-12.9,11.6,-3.49,9.72,-9.27,5.78,7.51,-15.2,-2.27,1
1.77,-36.2,-26.7,-15.8,-2.3,-4.38,-8.72,-24.2,-11.7,-0.73,15.2,10.1,13.2,1
-0.0175,-15.1,-1.81,-9.46,-12.8,-14.7,-4.43,6.38,6.9,-6.7,-11.8,3.06,11.2,1
0.665,-44.3,-17.4,-18.7,-15.5,-2.65,2.37,-4.25,-9.13,6.65,4.71,-9.8,-1.32,1
1.07,-30.8,-11.1,-12.2,1.37,-1.43,-15.1,-7.83,-4.31,2.29,15.5,-5.5,-10.6,1
4.17,-41.3,-4.94,13.7,3.48,22.7,8.4,18.3,0.027,2.05,6.12,8.03,-3.94,1
3.44,-45.3,0.96,8.72,-8.22,2.54,-19.2,-12.3,-5.19,2.52,9.77,22.4,-15.0,1
2.37,-38.7,-20.5,-11.2,1.4,-12.6,-27.3,-2.83,10.4,-11.9,-13.9,-10.6,8.89,1
4.45,-36.3,-24.5,2.01,-5.72,2.41,7.39,-4.95,1.55,8.8,-1.43,15.3,24.1,1
2.37,-38.7,-7.7,3.56,4.25,-7.57,-17.4,2.08,13.5,-1.03,9.95,6.36,2.41,1
3.02,-44.0,-35.5,-14.6,5.12,-9.54,5.29,-4.09,-22.5,-0.946,4.53,0.171,12.1,1
2.94,-31.4,-2.26,-10.6,-17.6,2.4,7.22,-7.6,-13.6,-3.74,8.19,1.71,-4.55,1
-0.0276,-23.3,-16.9,-19.1,3.97,-6.49,-13.0,8.38,-1.49,-12.4,18.5,-17.0,5.98,1
3.23,-32.1,-10.1,-4.28,-16.5,6.26,25.5,23.9,-6.75,-15.7,-5.9,4.06,-4.76,1
1.07,-40.5,-22.0,-14.0,-16.1,-6.78,-18.2,-15.3,6.93,11.7,-12.4,-5.32,-2.63,1
3.92,-30.7,-17.1,3.48,-0.206,13.0,6.91,-5.56,13.2,8.82,3.27,9.85,0.63,1
2.17,-27.8,-4.01,-3.22,4.98,7.75,11.3,-13.9,-27.4,-3.0,13.8,7.36,-0.689,1
2.22,-30.4,-9.98,2.63,5.61,-6.03,-1.21,12.9,17.0,13.0,4.23,-3.46,-0.162,1
1.85,-24.6,0.459,-3.82,-13.7,-0.537,10.7,-7.58,-7.25,-10.6,9.16,10.0,-9.16,1
2.94,-29.4,-13.3,2.62,15.8,3.13,-2.69,-3.47,-6.04,-4.16,5.79,16.0,8.58,1
-0.0261,-45.1,-7.97,-12.3,-5.1,-6.9,-2.59,-2.47,-0.434,-0.763,0.0301,-1.29,-0.797,1
2.68,-31.0,-17.2,-3.27,15.0,7.29,-3.18,0.787,-3.67,2.0,8.51,3.64,1.33,1
2.74,-31.3,-22.4,-14.6,9.24,10.1,0.7,4.01,-3.66,-10.6,-0.249,-1.35,0.273,1
1.07,-42.0,-19.6,-11.8,-22.2,-9.14,-10.3,5.29,-5.33,-2.24,-1.82,15.4,8.34,1
-0.0295,-38.7,-15.6,-4.88,-12.0,-0.681,-8.16,2.47,-4.78,3.02,-3.25,1.52,-3.17,1
2.27,-41.6,-25.9,-12.9,3.68,0.904,3.31,3.23,-1.94,7.2,3.88,-2.3,4.33,1
3.81,-21.2,-21.6,-3.81,-8.35,-2.37,7.12,8.59,23.6,-2.7,-8.04,-9.62,-19.1,1
4.38,-29.7,4.17,22.4,3.06,18.7,-1.32,3.96,1.57,1.15,9.1,-15.1,-3.35,1
-0.0252,-31.4,-22.0,-2.41,-9.55,-7.88,3.09,-11.7,11.0,-12.9,11.7,-11.4,7.14,1
4.37,-42.2,-1.64,24.4,-10.6,9.44,4.69,-12.2,-8.82,-6.28,3.47,-1.38,-7.98,1
2.32,-28.9,-0.368,10.4,2.16,1.01,-13.2,-8.14,-12.3,-9.34,-9.01,0.83,1.13,1
1.76,-46.4,-2.84,-4.84,-5.84,-18.8,-11.0,7.5,22.6,11.9,0.47,6.82,8.49,1
2.93,-20.3,-17.0,-9.1,9.7,3.06,1.93,-0.504,-13.4,8.41,14.9,-2.41,-4.02,1
3.22,-27.9,-12.2,3.64,3.34,6.92,0.681,-7.03,6.27,-19.7,-18.1,-13.5,-8.11,1
3.29,-31.5,-8.78,-0.45,-11.0,5.57,-15.9,2.38,11.9,-12.5,8.49,6.11,-3.57,1
1.07,-44.6,-21.3,-2.97,-6.01,-9.37,-4.55,-4.0,-5.85,9.4,0.442,13.5,-3.07,1
3.17,-32.3,2.63,5.94,-9.33,-0.624,-9.19,-4.65,-17.3,-8.88,12.2,-5.99,10.8,1
5.17,-16.2,-26.2,-14.3,37.5,2.62,-20.6,1.48,6.45,-16.3,-10.4,17.4,4.7,1
2.97,-35.9,-12.4,0.0259,-4.94,2.58,-5.19,-3.35,-0.989,-0.819,23.9,-0.473,5.42,1
1.58,-44.1,-12.5,-5.11,2.75,-3.41,-11.2,-2.83,-2.12,9.4,13.2,-1.07,0.229,1
5.18,-31.9,-20.0,2.73,-8.16,17.0,-6.15,-15.5,32.4,-6.55,5.22,14.9,-20.5,1
0.666,-30.5,-14.5,-4.51,0.42,0.37,-13.1,-5.88,-9.07,11.3,3.44,-6.99,-1.98,1
2.46,-43.8,-13.3,-8.0,-16.9,-7.61,-1.42,10.3,15.4,16.6,19.5,-5.83,2.86,1
2.86,-46.4,-10.6,-2.12,-13.6,-16.1,-10.6,-3.72,-6.63,-0.372,3.1,-7.0,1.23,1
2.89,-28.2,-19.2,-4.87,10.3,-2.66,11.7,7.87,13.4,12.4,6.01,-8.05,-17.8,1
4.33,-48.9,-2.78,-3.57,-5.6,25.2,-0.944,26.2,15.0,11.4,4.39,5.16,-2.3,1
4.5,-18.7,-12.2,0.534,-3.92,12.1,-17.0,-1.19,7.63,-3.56,4.59,-7.19,4.97,1
1.92,-66.3,-13.5,-23.8,-34.8,-2.75,-8.47,1.96,-35.9,19.6,-3.9,-16.2,1.72,1
-0.0261,-45.1,-7.97,-12.3,-5.1,-6.9,-2.59,-2.47,-0.434,-0.763,0.0301,-1.29,-0.797,1
4.0,-35.9,-28.4,-3.36,-4.45,1.26,-6.98,-13.8,19.0,-2.9,-8.6,-17.8,1.17,1
3.47,-34.4,-3.41,11.9,-8.25,1.68,-13.1,-5.95,-1.41,10.3,17.0,-3.03,1.65,1
0.663,-40.1,3.16,-18.6,-18.2,5.88,7.1,-27.0,14.7,0.456,-3.81,-4.54,3.15,1
2.17,-33.7,-5.61,3.41,-14.8,-14.7,0.513,-6.18,8.3,-0.607,3.24,-4.87,-3.71,1
1.07,-33.5,-14.5,-10.4,-2.64,-5.22,-9.51,-6.32,-13.9,-5.45,-0.863,2.2,3.66,1
-0.0252,-31.4,-22.0,-2.41,-9.55,-7.88,3.09,-11.7,11.0,-12.9,11.7,-11.4,7.14,1
3.25,-29.7,-21.9,-5.38,14.5,-10.0,2.78,1.93,-1.61,8.64,8.0,-5.73,-5.7,1
4.06,-31.3,-32.0,-10.3,4.5,7.35,-0.87,-6.47,11.4,21.2,9.45,7.62,-0.386,1
1.36,-31.7,-1.37,-1.04,-17.9,-13.7,8.59,10.8,-15.2,-6.16,4.82,-1.89,4.32,1
4.93,-34.7,-6.73,26.2,-17.7,0.0618,-1.56,-7.93,1.79,-11.4,2.42,-11.5,7.48,1
1.07,-33.4,-14.5,-0.0268,7.97,-2.63,-5.94,-16.7,-8.78,15.6,15.3,9.41,-8.21,1
1.07,-33.4,-13.7,0.341,2.64,-0.157,3.8,-2.32,-6.93,-15.1,-4.11,9.2,-3.75,1
2.28,-26.8,-3.16,7.43,11.5,7.35,3.16,-9.52,-9.05,6.73,3.3,-12.3,-9.75,1
1.76,-34.7,1.01,-8.18,-7.27,-10.6,-8.35,7.03,-4.72,9.79,-4.3,-5.27,14.0,1
2.65,-29.1,-7.91,3.75,4.52,-19.8,0.429,-0.279,-1.36,3.06,-4.22,-16.7,13.7,1
2.06,-34.1,-23.1,-3.66,20.0,-17.4,-11.3,-1.47,-7.86,-1.65,1.33,-7.68,2.59,1
4.31,-24.5,-20.3,4.68,-3.45,-10.9,-5.08,1.39,-0.38,-7.91,-15.2,-0.29,14.9,1
1.68,-29.4,3.84,12.0,8.98,3.18,-11.6,-11.0,15.5,-2.68,-13.5,5.44,8.63,1
2.68,-37.4,-20.9,-8.07,-5.46,-17.7,-8.13,-10.1,-14.0,-6.23,-0.53,3.03,9.58,1
3.08,-35.3,-0.795,6.67,-7.08,6.5,16.0,4.52,-12.5,-6.05,7.09,-9.08,3.87,1
1.92,-35.4,-16.0,-7.89,18.1,10.7,-11.3,-9.78,-6.74,2.06,-8.21,-4.58,-1.1,1
2.5,-28.4,-13.0,-2.72,8.58,-10.6,4.0,5.6,-9.4,-4.74,10.8,9.47,1.62,1
0.671,-36.8,-14.4,-6.05,-1.94,-2.6,5.36,-4.21,-2.56,-11.0,-0.589,1.99,3.77,1
2.54,-38.0,-19.7,-0.104,-0.384,1.72,8.72,-14.8,-6.18,13.8,26.1,9.23,6.63,1
0.665,-41.5,-9.39,-3.67,-0.591,3.26,-3.58,-10.8,-12.4,-0.0529,8.48,3.08,-5.39,1
2.99,-32.2,-3.87,8.45,-4.34,-17.3,29.1,8.03,-10.7,21.9,-2.62,-8.9,-9.36,1
0.672,-30.7,-15.1,-14.4,1.86,-8.44,-2.76,6.69,-3.05,6.42,0.21,-5.17,-1.06,1
1.23,-22.1,-8.21,-3.62,4.47,-2.7,-6.23,1.44,-12.4,8.58,9.49,-9.02,-1.48,1
3.75,-30.1,-28.3,-2.42,17.9,-3.8,-10.8,-14.7,-0.29,7.65,11.2,1.34,-4.6,1
0.665,-43.4,-14.5,-14.2,-17.1,-14.3,-8.43,3.24,5.02,-2.91,-9.67,-0.766,6.27,1
2.8,-39.2,-17.9,-0.0242,11.0,0.773,6.06,-8.21,-7.47,4.21,-17.5,-24.7,-7.77,1
-0.0261,-45.1,-7.97,-12.3,-5.1,-6.9,-2.59,-2.47,-0.434,-0.763,0.0301,-1.29,-0.797,1
0.666,-34.2,-22.1,-10.1,5.15,-20.8,8.03,-6.94,-0.53,0.321,1.36,-6.51,7.22,1
2.62,-45.1,-18.8,-14.2,-11.9,-0.434,21.3,13.6,-4.98,-1.41,17.0,10.8,12.4,1
2.61,-42.9,-16.8,-9.87,-8.03,-4.72,-14.3,-7.87,-2.99,-13.3,-5.65,3.41,3.51,1
1.76,-32.6,-15.7,-6.03,6.83,4.87,-12.7,-10.3,0.999,14.4,15.1,0.141,3.04,1
-0.0261,-45.1,-7.97,-12.3,-5.1,-6.9,-2.59,-2.47,-0.434,-0.763,0.0301,-1.29,-0.797,1
1.07,-39.1,-11.7,-0.277,-15.5,-16.4,-22.6,-1.94,-8.29,6.85,11.6,-3.16,-14.8,1
2.17,-31.5,-9.31,-2.55,3.18,6.6,-2.05,-17.5,9.4,-5.4,-9.16,-5.17,-1.41,1
-0.0261,-45.1,-7.97,-12.3,-5.1,-6.9,-2.59,-2.47,-0.434,-0.763,0.0301,-1.29,-0.797,1
2.58,-29.6,-16.6,-1.18,29.8,9.63,3.92,-18.3,-17.2,-2.43,-0.958,11.7,5.22,1
1.07,-32.4,-23.1,-36.9,-10.5,-1.78,-14.3,-13.8,-2.53,6.45,-3.02,-20.9,18.0,1
4.48,-29.7,-9.72,6.46,-9.5,-4.79,-18.3,1.2,-3.41,-16.6,-2.47,0.675,-0.145,1
3.02,-43.4,-23.8,-6.35,-6.38,-2.87,4.68,16.9,19.7,13.3,12.2,-1.33,2.48,1
3.98,-39.1,2.14,9.39,0.33,11.3,-4.46,3.34,-17.2,-0.61,-9.84,-4.08,4.08,1
2.37,-32.0,-18.5,-6.72,-0.995,1.3,24.3,-2.9,-12.2,-18.2,-8.44,-9.79,-1.71,1
3.81,-37.0,10.7,10.7,-7.99,6.67,-13.6,14.1,-10.5,6.45,7.3,-8.23,-13.9,1
0.665,-36.5,-6.37,-12.6,-16.0,6.52,-5.28,-12.1,12.6,-10.1,6.2,-7.63,6.37,1
2.94,-29.9,-4.63,-0.502,-13.5,-11.2,2.23,5.05,9.49,0.933,7.69,-7.09,-12.5,1
-0.0261,-45.1,-7.97,-12.3,-5.1,-6.9,-2.59,-2.47,-0.434,-0.763,0.0301,-1.29,-0.797,1
3.97,-37.1,3.91,5.03,-1.56,7.48,-13.3,8.6,-14.8,-3.94,8.8,-14.3,-3.85,1
5.02,-34.1,5.92,2.18,-5.49,20.5,-2.92,3.5,-15.7,13.3,-3.1,2.82,-10.6,1
2.37,-45.4,-16.0,1.96,-13.2,-2.01,-3.31,-0.484,1.3,2.14,9.26,-5.23,-1.25,1
4.69,-43.9,-5.45,-4.5,-11.0,24.3,-10.5,10.2,2.46,12.7,-0.965,-0.732,6.94,1
2.33,-29.5,-0.243,2.4,-4.81,-12.4,0.783,5.25,6.1,2.55,-13.5,-7.36,9.81,1
-0.0295,-38.7,-15.6,-4.88,-12.0,-0.681,-8.16,2.47,-4.78,3.02,-3.25,1.52,-3.17,1
2.71,-27.1,-11.6,-9.73,2.52,-2.18,-15.1,11.9,15.1,3.4,-3.31,-8.28,5.04,1
-0.0286,-28.4,-20.3,-10.6,2.67,-19.5,9.45,-9.64,-0.287,5.76,-10.9,10.8,-11.0,1
3.19,-40.7,-1.44,3.32,-8.64,2.23,-9.93,5.86,5.8,3.4,1.51,-2.64,-5.07,1
2.74,-30.9,-17.7,-6.47,-0.244,-10.9,5.84,5.98,13.6,9.49,7.55,6.41,1.35,1
3.88,-34.4,-22.7,1.68,4.66,-7.23,-3.49,25.2,2.02,-15.1,2.45,6.48,-2.12,1
4.35,-32.4,-7.55,10.7,-2.94,-1.46,-23.2,-20.1,-24.0,-0.387,8.21,-4.92,-1.35,1
3.74,-34.0,-11.5,-8.55,-12.0,-1.89,-1.23,20.1,1.6,-12.0,6.18,-3.43,-8.3,1
5.1,-28.7,-9.86,17.5,-7.0,11.8,-5.06,5.02,11.2,-23.0,-17.3,-0.0736,13.7,1
3.89,-33.8,-32.7,-7.99,8.87,-3.42,19.7,5.28,-4.24,19.9,-5.53,-16.1,0.834,1
3.62,-34.8,0.16,2.58,-11.2,13.0,-6.27,-2.67,8.9,-6.63,17.8,-6.42,4.29,1
3.09,-30.2,-22.9,-8.7,9.2,1.26,0.809,-1.47,-13.0,-8.18,14.8,-9.46,0.756,1
1.07,-37.6,-1.41,3.04,-12.2,-18.5,-12.2,12.6,9.69,-12.6,0.196,-8.95,7.48,1
4.16,-47.0,-6.72,0.458,-14.9,8.89,-12.7,13.9,-12.1,-8.75,0.395,8.81,-0.492,1
4.85,-21.8,-3.33,12.8,-13.5,-0.517,-22.1,-4.77,20.8,-4.82,-1.49,-7.37,6.11,1
2.37,-35.2,-22.4,-9.95,11.2,9.19,5.07,3.21,10.9,1.16,1.57,1.38,-2.08,1
-0.687,-12.3,-0.805,-3.55,-0.498,-3.24,-0.714,-1.23,0.369,-0.0941,0.62,-0.712,-0.474,1
2.61,-43.4,-16.2,-2.35,-3.76,-0.13,-13.7,4.46,14.2,5.02,9.87,-5.63,-8.06,1
-0.0295,-38.7,-15.6,-4.88,-12.0,-0.681,-8.16,2.47,-4.78,3.02,-3.25,1.52,-3.17,1
-0.0252,-31.4,-22.0,-2.41,-9.55,-7.88,3.09,-11.7,11.0,-12.9,11.7,-11.4,7.14,1
4.85,-37.3,-5.97,13.4,3.68,4.09,-25.8,4.17,9.08,-5.18,-7.56,12.5,-3.59,1
2.23,-26.6,-17.1,-2.44,14.0,2.85,12.3,8.81,-2.21,4.47,4.79,-3.77,-18.0,1
2.28,-21.6,-6.92,0.25,-0.981,-9.01,-0.782,0.572,-5.2,3.55,12.2,4.03,-5.04,1
4.05,-31.6,-5.89,10.2,-10.3,0.272,-5.76,-0.202,-7.01,3.56,9.99,-4.16,11.7,1
2.86,-36.2,-9.42,8.67,3.23,2.7,-1.3,1.51,3.96,-5.22,-4.92,-11.7,-1.71,1
1.07,-35.4,-13.2,-5.53,-0.952,-7.53,-3.71,4.34,9.62,7.47,-0.475,4.4,-9.96,1
2.65,-26.1,-16.9,-13.9,7.39,1.28,-0.676,-0.0616,-2.6,5.22,-11.0,-5.87,2.01,1
5.05,-36.6,-7.55,2.77,2.12,17.2,-24.4,20.1,2.73,-3.91,-15.0,-14.9,-2.92,1
6.1,-20.4,-19.3,19.2,-8.91,4.26,-5.44,6.39,-2.46,-15.3,11.9,3.87,3.89,1
3.85,-29.8,-0.51,-3.37,-28.7,-1.48,-8.26,19.7,20.3,4.27,8.83,-20.3,3.62,1
1.76,-44.4,-24.0,-17.7,-14.1,-12.9,6.16,4.55,21.5,7.34,1.28,4.82,9.96,1
3.2,-44.3,-10.3,-3.52,-9.71,7.77,-16.0,0.319,1.06,-9.71,5.02,2.31,0.0982,1
-0.0261,-45.1,-7.97,-12.3,-5.1,-6.9,-2.59,-2.47,-0.434,-0.763,0.0301,-1.29,-0.797,1
3.32,-23.8,-18.5,-9.81,2.22,-12.0,2.73,-3.77,-20.6,-7.83,-9.29,-21.6,3.58,1
3.67,-30.0,-13.1,-4.4,-8.19,3.71,1.44,-4.08,8.87,9.64,6.52,-5.45,9.91,1
1.07,-36.4,-14.3,-2.35,-10.9,-3.67,6.7,8.76,3.45,17.0,8.46,-1.85,-2.22,1
3.59,-35.4,4.42,-0.555,-12.2,12.2,-5.91,-0.582,-0.569,-2.99,-3.17,-8.6,-7.57,1
2.97,-46.8,-10.6,-3.28,-10.3,-5.38,0.571,4.37,-1.48,-0.492,-5.64,-12.4,4.88,1
-0.689,-13.1,-0.374,-3.49,-0.785,-2.92,-0.983,-1.02,0.215,0.0154,0.544,-0.661,-0.511,1
1.77,-34.8,-12.8,-12.6,0.708,15.0,-1.58,10.6,2.03,-11.1,2.83,5.58,1.58,1
5.7,-26.2,-17.0,8.33,-11.4,21.7,-0.379,-4.65,-12.1,-9.47,20.9,5.45,14.7,1
5.07,-41.5,-6.36,-4.27,-7.97,20.2,-12.6,8.07,-0.814,17.4,0.416,11.6,3.7,1
-0.0261,-45.1,-7.97,-12.3,-5.1,-6.9,-2.59,-2.47,-0.434,-0.763,0.0301,-1.29,-0.797,1
0.897,-20.9,-0.0847,-0.799,-4.07,-12.4,-4.51,16.3,3.81,-13.8,-2.54,3.88,11.0,1
1.92,-40.8,-13.8,-6.22,-3.04,-2.09,16.7,10.9,22.9,3.85,13.5,-8.35,-12.8,1
-0.0261,-45.1,-7.97,-12.3,-5.1,-6.9,-2.59,-2.47,-0.434,-0.763,0.0301,-1.29,-0.797,1
3.24,-45.9,2.35,-0.354,-8.64,2.01,-21.9,-5.55,-9.81,-13.9,-6.53,-4.02,11.4,1
2.42,-30.7,-8.02,4.99,8.23,-2.28,-10.6,-5.68,0.0344,-1.86,9.7,-15.2,-12.5,1
3.19,-42.8,-16.3,-0.729,3.6,12.6,13.8,11.3,7.87,-1.08,3.23,10.7,4.86,1
3.76,-49.3,-7.7,-6.24,-9.47,-4.7,-16.0,5.34,-5.94,21.6,4.2,-4.99,-9.16,1
3.62,-39.6,8.1,19.0,6.05,-0.489,-22.6,5.92,-1.92,-0.139,-3.55,3.74,1.36,1
3.04,-29.8,-14.6,-3.29,4.85,-3.45,-5.89,-16.5,1.6,2.04,-6.39,-17.6,1.06,1
5.31,-28.7,-9.13,10.8,-13.6,21.4,-9.41,-2.39,-2.54,-6.56,2.64,-2.57,10.1,1
2.5,-26.5,-6.37,2.13,5.89,-1.93,7.75,2.04,-10.9,10.2,11.8,-7.03,-3.06,1
0.392,-19.2,4.4,-6.05,-0.864,-1.88,2.3,1.97,0.378,-5.37,-2.75,3.55,3.96,1
1.99,-27.4,3.16,-1.37,-5.1,-2.53,-2.87,-1.83,11.2,-2.71,1.89,2.11,5.88,1
0.671,-33.1,-11.7,-7.97,-15.0,-0.575,1.8,-13.9,9.67,-6.21,2.58,-2.93,0.102,1
1.58,-44.7,-24.1,-23.5,-7.66,2.85,-16.9,6.73,-3.78,-2.8,6.96,-11.2,8.96,1
1.48,-25.9,8.16,0.263,-1.97,-9.78,2.3,3.07,1.18,5.06,-6.03,-7.85,-2.57,1
1.76,-27.0,4.7,11.9,-3.26,-18.8,-15.5,2.68,13.1,-7.09,-8.8,2.0,-0.752,1
3.11,-39.7,-14.7,6.41,2.41,-4.61,2.84,-14.9,0.172,-9.46,6.43,1.64,-9.16,1
2.05,-36.2,-2.87,-3.53,-12.5,-6.36,14.0,12.0,-6.91,-13.1,-2.13,14.3,-1.65,1
2.17,-39.5,-23.8,-11.8,3.06,-8.85,2.65,4.2,-3.62,3.81,-0.996,-7.36,-8.32,1
3.96,-30.5,-10.4,9.01,3.26,14.7,-11.0,-11.5,-1.32,6.02,8.94,-18.6,-1.96,1
1.36,-26.7,-14.2,-18.0,-9.54,-9.46,3.51,23.2,17.8,-1.33,-8.84,-0.256,-1.49,1
1.07,-41.1,-5.99,-11.6,-21.3,-15.4,5.58,2.36,-4.22,4.33,-10.2,0.178,6.2,1
2.75,-30.3,-22.7,-18.4,5.43,1.69,2.82,4.36,1.42,-13.5,1.68,0.723,-1.6,1
3.15,-44.1,-5.05,5.14,-12.9,3.92,-5.78,-37.5,-12.2,8.2,-4.2,-10.6,-3.25,1
1.07,-34.0,-7.23,8.27,4.84,-22.2,-20.2,-6.29,18.6,4.24,-5.6,-2.25,-5.96,1
-0.0295,-38.7,-15.6,-4.88,-12.0,-0.681,-8.16,2.47,-4.78,3.02,-3.25,1.52,-3.17,1
-0.0261,-45.1,-7.97,-12.3,-5.1,-6.9,-2.59,-2.47,-0.434,-0.763,0.0301,-1.29,-0.797,1
3.79,-17.6,-17.7,-6.68,16.2,-6.15,-12.8,7.22,16.5,-3.94,-17.6,2.75,8.35,1
-0.0295,-38.7,-15.6,-4.88,-12.0,-0.681,-8.16,2.47,-4.78,3.02,-3.25,1.52,-3.17,1
1.48,-21.9,-5.76,-2.88,-13.5,-15.2,1.66,-0.509,-1.12,-1.81,1.7,-0.0452,4.63,1
4.13,-37.8,-6.27,-3.13,-12.4,1.22,-14.0,6.7,-9.14,-1.11,-8.3,-17.8,-13.5,1
-0.0295,-38.7,-15.6,-4.88,-12.0,-0.681,-8.16,2.47,-4.78,3.02,-3.25,1.52,-3.17,1
2.92,-40.5,-22.9,-10.3,-7.33,-8.05,13.8,4.8,6.8,21.6,30.3,20.3,6.25,1
2.75,-22.2,-6.25,-1.06,-7.95,-4.37,-2.24,2.66,-3.71,-13.1,-4.94,-11.9,-6.17,1
2.23,-23.5,-9.68,-6.2,-2.36,0.493,0.85,3.35,2.27,2.7,-2.12,2.16,3.54,1
4.72,-46.0,-37.5,-5.03,-5.53,7.09,-18.4,-20.2,-6.16,-0.52,2.4,-8.25,8.03,1
2.23,-25.7,-7.08,-8.65,-2.09,-7.16,-7.47,-8.84,-6.46,4.97,-1.54,2.67,-1.9,1
2.58,-28.5,-11.0,-10.7,9.7,10.1,9.19,0.996,-10.0,-5.8,0.555,2.19,9.83,1
1.36,-36.1,-15.9,-2.15,-0.639,1.09,3.19,7.41,13.6,11.4,-2.37,-4.43,4.19,1
2.37,-42.5,-9.62,-11.8,-15.8,14.8,8.4,-4.72,-9.96,3.72,15.1,-2.76,0.172,1
3.53,-47.4,-12.3,-6.56,-4.49,1.65,-5.0,18.7,19.8,13.4,1.55,-9.6,-12.6,1
3.47,-48.4,-12.0,-10.2,-24.2,-11.1,-13.6,2.48,-12.0,-5.65,-1.91,7.13,0.089,1
2.33,-24.6,-11.2,-4.42,-6.73,-3.32,6.9,12.7,-4.26,-20.3,0.621,5.82,3.65,1
2.99,-33.3,-9.0,-1.09,-4.91,4.43,-3.36,25.3,15.1,-4.41,2.75,8.6,5.39,1
3.24,-22.0,-2.35,4.25,-7.64,-11.3,-0.659,-9.84,2.25,-0.775,4.12,-2.38,0.401,1
3.17,-32.7,-16.5,6.73,11.5,-8.56,8.1,-0.143,-7.1,3.46,-3.31,-1.11,14.8,1
2.57,-30.7,-0.0822,1.04,-11.2,-2.47,-0.0606,3.08,7.43,4.81,8.24,-9.75,10.3,1
-0.684,-11.4,0.219,-4.48,-1.02,-2.14,-1.35,-1.31,0.768,-0.462,0.819,-0.739,-0.541,1
0.663,-73.2,-27.1,-18.2,-21.3,-9.7,-14.7,-3.56,-9.63,-1.47,-7.06,-1.98,-5.93,1
3.58,-51.1,-17.3,-16.9,-23.1,-7.04,-26.7,-1.63,5.45,19.8,4.96,-2.08,-1.38,1
-0.0261,-45.1,-7.97,-12.3,-5.1,-6.9,-2.59,-2.47,-0.434,-0.763,0.0301,-1.29,-0.797,1
1.77,-32.4,-3.25,4.94,-4.07,-2.77,0.426,0.558,-21.4,-0.465,3.92,-5.08,-2.36,1
-0.0261,-45.1,-7.97,-12.3,-5.1,-6.9,-2.59,-2.47,-0.434,-0.763,0.0301,-1.29,-0.797,1
0.665,-41.7,-10.3,-5.18,-1.67,3.99,2.06,-2.58,-11.6,-10.2,-0.743,7.26,2.78,1
1.76,-37.6,-2.7,-8.64,0.156,4.83,-21.0,-9.82,-0.43,-6.52,17.5,1.39,0.39,1
1.23,-20.8,-7.34,-0.33,12.1,-21.2,-9.55,24.2,-14.6,4.26,2.38,-8.53,6.55,1
4.02,-28.9,-24.5,-6.53,3.59,-22.3,-4.49,14.5,-1.29,20.5,35.4,3.52,-4.26,1
3.81,-28.2,-18.6,3.94,4.06,-1.59,5.69,4.25,-8.32,-6.02,6.27,-8.61,13.5,1
1.36,-29.4,-13.4,-5.47,7.6,19.8,5.54,-1.2,-11.2,-15.5,-7.08,4.41,-4.09,1
1.07,-39.5,-6.08,0.284,-8.2,-15.5,-11.3,12.6,6.62,-8.15,2.75,9.0,-3.66,1
3.33,-6.13,-15.7,-18.5,10.4,2.29,-8.69,-1.48,10.6,2.93,-4.15,1.65,5.92,1
3.58,-49.5,-8.74,-5.24,-15.3,-4.53,-24.4,-1.94,-9.08,-15.4,-3.52,-16.8,4.91,1
-0.0214,-18.2,-8.04,-19.0,-12.9,0.318,5.02,-10.6,-8.83,13.2,1.22,-15.5,6.78,1
0.389,-19.5,-4.03,-0.553,22.0,18.3,-15.4,-21.9,2.08,-8.69,-0.284,16.2,0.811,1
3.91,-24.3,-8.85,7.85,-7.82,7.59,20.2,13.8,17.0,-10.1,-3.32,-2.67,2.83,1
0.665,-45.2,-19.1,-18.9,-8.71,1.89,-5.19,-9.13,6.88,2.1,-10.4,6.59,0.00292,1
3.87,-36.8,-6.09,11.0,-15.6,8.67,2.39,-2.28,3.29,-5.76,1.34,-9.41,-2.06,1
3.61,-42.5,-10.6,6.25,-7.4,-2.02,-16.6,1.47,5.71,2.65,5.86,-9.06,3.93,1
1.08,-38.4,-10.7,-4.06,1.86,-4.2,-2.36,-5.12,6.46,3.62,-2.82,-13.2,-3.03,1
2.57,-27.6,-7.96,0.683,0.242,4.08,-10.3,-10.5,0.141,-6.2,3.97,-9.8,-7.26,1
3.67,-34.6,-18.2,0.835,2.75,3.69,0.543,5.15,4.6,-1.73,5.03,0.24,5.41,1
2.65,-29.9,5.79,-5.74,1.57,13.8,-6.89,-2.25,-2.42,-7.92,-3.95,0.264,-4.44,1
3.15,-47.0,-13.3,-25.2,-24.4,-8.78,-20.7,-9.71,-9.07,10.1,-2.02,-4.21,-2.95,1
1.07,-40.3,-5.78,-11.2,-16.7,-7.59,-1.62,-18.2,-3.1,2.91,0.771,8.48,-5.94,1
5.12,-39.5,-3.0,-7.35,-6.02,41.0,-4.93,20.8,0.224,-3.3,5.79,-9.31,-3.44,1
5.22,-47.3,-10.4,4.41,-13.2,7.16,-5.87,11.5,-13.6,0.452,-6.95,9.52,-2.85,1
2.68,-32.4,-31.5,-19.8,-0.102,-39.3,-3.69,14.8,10.2,1.96,5.62,11.2,3.31,1
3.13,-26.4,-23.5,-11.4,11.9,4.16,2.42,-6.95,-5.91,-13.2,-5.83,6.55,5.37,1
1.07,-38.3,-12.5,-0.927,4.42,7.03,3.49,-7.47,-8.49,-11.1,-2.51,0.098,0.965,1
1.99,-30.1,-5.95,5.7,0.994,15.2,15.3,2.32,-8.66,-3.73,-5.05,-5.92,3.45,1
1.48,-21.5,-3.16,-6.69,-8.65,-0.789,18.9,29.8,18.9,-12.1,-10.8,-0.961,6.21,1
0.663,-46.8,-6.87,-8.38,1.06,2.81,10.4,8.89,1.46,-11.8,-17.7,-13.3,1.16,1
4.26,-27.6,-19.1,9.12,-4.01,-17.8,-8.2,-1.07,-5.51,-9.91,-0.178,-8.11,3.94,1
-0.0295,-38.7,-15.6,-4.88,-12.0,-0.681,-8.16,2.47,-4.78,3.02,-3.25,1.52,-3.17,1
2.28,-38.2,-13.8,-7.55,-1.13,2.24,1.79,-6.95,12.9,2.58,9.47,-0.678,-6.22,1
-0.0261,-45.1,-7.97,-12.3,-5.1,-6.9,-2.59,-2.47,-0.434,-0.763,0.0301,-1.29,-0.797,1
-0.0261,-45.1,-7.97,-12.3,-5.1,-6.9,-2.59,-2.47,-0.434,-0.763,0.0301,-1.29,-0.797,1
0.666,-42.2,-27.8,-19.4,-8.36,1.5,-11.0,-7.26,14.8,-13.1,0.0134,8.47,-10.9,1
3.6,-35.8,4.73,-1.18,-2.6,4.96,-6.86,13.9,0.393,7.99,1.55,4.05,-1.4,1
2.62,-48.5,-13.7,-8.47,-7.57,12.7,3.98,18.2,23.8,21.2,9.62,-23.4,-9.13,1
-0.0261,-45.1,-7.97,-12.3,-5.1,-6.9,-2.59,-2.47,-0.434,-0.763,0.0301,-1.29,-0.797,1
5.04,-21.5,-33.5,-6.08,25.0,-3.56,-20.6,3.65,4.35,-7.13,-0.736,-13.7,6.72,1
1.68,-26.2,-4.1,1.14,5.7,-4.44,-7.74,-8.17,3.62,3.25,13.0,5.33,-1.04,1
4.39,-29.7,-15.6,-1.55,-7.8,18.2,7.33,23.1,-0.727,-16.3,14.4,-4.9,-4.97,1
1.07,-36.8,-3.08,-10.6,-5.4,-9.56,-14.1,16.5,-8.69,-3.35,4.59,-5.72,2.8,1
-0.0261,-45.1,-7.97,-12.3,-5.1,-6.9,-2.59,-2.47,-0.434,-0.763,0.0301,-1.29,-0.797,1
2.28,-30.8,-10.4,-14.5,-19.0,0.844,16.6,-5.76,-21.6,2.68,-4.03,-15.3,-12.7,1
2.05,-34.5,-4.54,8.97,8.62,3.53,-12.4,-13.4,-5.71,7.43,-1.12,0.507,2.43,1
3.76,-30.1,-1.85,16.4,-13.1,-1.74,13.8,-14.3,5.68,7.69,-0.165,5.9,-7.56,1
3.56,-32.4,-37.6,-17.3,10.6,-2.37,-3.08,-4.22,-11.8,-11.5,-9.29,-3.48,14.0,1
3.36,-30.3,-10.8,5.69,8.27,14.5,-9.73,-3.96,3.5,-18.2,-13.6,-11.9,-7.09,1
-0.0242,-25.1,-19.7,-14.3,3.64,-12.4,-6.42,10.1,-16.0,10.8,-3.23,-6.17,8.54,1
4.39,-32.0,6.75,1.47,-9.75,21.3,2.61,9.83,-8.17,8.83,0.898,-4.28,-10.2,1
3.04,-28.5,-6.67,-3.77,-6.03,-3.27,-10.9,-21.5,-2.19,-4.36,7.53,-7.83,-9.76,1
1.85,-27.5,-6.24,0.742,3.98,-5.97,7.1,-4.09,-0.169,4.19,4.99,-5.0,0.898,1
3.71,-40.6,-1.27,6.06,-9.46,-0.172,-22.2,3.4,-1.02,-6.92,11.7,-3.91,3.05,1
1.99,-31.2,-5.25,7.67,8.86,9.38,3.91,2.76,1.41,-10.1,-3.52,-2.59,3.19,1
2.54,-42.6,-5.66,2.9,-1.24,-5.09,-6.16,-10.2,-6.53,-11.7,-24.1,3.11,17.5,1
0.666,-34.5,-24.9,-13.3,4.08,-11.3,-5.17,3.59,-3.81,-1.4,1.88,-0.504,-6.08,1
0.893,-22.2,2.44,-0.376,-1.32,-4.13,-2.8,4.51,-1.77,-7.68,0.375,-4.73,-7.98,1
-0.0238,-16.5,-4.88,-15.7,-14.7,-8.08,5.76,3.01,-10.5,-7.47,12.1,3.89,-15.0,1
3.09,-25.5,-15.0,8.93,5.43,-2.18,11.9,5.13,10.1,-6.9,-3.11,-7.03,-4.91,1
4.0,-38.5,6.52,4.7,-8.56,14.3,-7.11,15.3,-0.57,-3.77,-3.08,-13.5,-12.8,1
2.94,-27.9,-15.4,-10.7,0.406,17.2,16.3,0.00806,-12.4,-16.4,16.8,6.47,10.1,1
3.02,-45.1,-1.79,-7.79,1.97,-9.41,-15.2,20.3,-0.375,1.28,0.435,0.64,5.35,1
-0.0228,-15.8,-3.26,-13.0,-14.7,-11.9,2.52,7.28,-3.56,-12.5,0.979,13.0,-4.13,1
3.44,-35.0,-30.0,-22.2,1.59,17.4,1.44,-24.3,-19.2,2.7,3.54,1.65,7.98,1
2.17,-35.9,-11.4,1.34,8.98,11.4,3.7,-10.8,-12.0,-2.65,-9.82,-1.11,6.51,1
1.07,-37.5,-16.9,-13.1,-11.3,-16.3,-9.93,-6.09,1.71,12.1,5.32,-1.67,-4.06,1
3.27,-45.6,-10.4,2.85,-8.17,2.96,-3.71,-3.64,0.333,-4.77,8.37,-3.36,-2.49,1
-0.682,-11.0,1.0,-4.13,-1.95,-2.48,-0.201,-1.8,0.125,0.603,0.103,-0.557,-0.344,1
0.663,-46.4,-8.61,-12.0,-5.03,-8.44,-6.03,-7.77,-7.52,-9.32,-9.76,-11.7,-9.53,1
1.07,-35.2,-10.5,5.9,1.57,-18.1,-29.4,-21.5,14.6,20.6,-1.95,-8.25,-4.08,1
1.36,-34.6,-15.6,-8.69,-3.34,6.8,-13.0,-2.55,-7.17,3.18,7.14,-11.5,4.35,1
3.19,-26.1,1.29,-0.817,-1.07,6.58,-7.82,4.57,15.3,2.68,2.21,-22.6,6.67,1
2.23,-24.2,-14.0,-10.9,0.514,3.79,-4.61,-11.5,-1.95,-6.35,-7.55,-6.47,-8.73,1
2.05,-41.4,-10.5,3.08,9.94,-3.66,-9.35,15.4,5.68,-15.3,-8.02,3.37,3.92,1
1.58,-41.4,-29.9,-17.2,-16.4,-16.5,-11.7,-7.97,11.4,5.36,10.4,-10.3,12.3,1
-0.0295,-38.7,-15.6,-4.88,-12.0,-0.681,-8.16,2.47,-4.78,3.02,-3.25,1.52,-3.17,1
3.86,-15.5,-24.5,-13.1,25.8,-4.94,-15.8,-1.87,-6.04,3.74,1.71,1.43,-1.02,1
2.23,-31.1,-0.881,8.81,6.53,2.92,-0.619,-1.82,9.35,-0.136,-0.557,5.65,-4.99,1
4.24,-38.7,1.19,5.02,-3.75,9.79,-18.8,13.4,-0.0374,-5.63,6.98,-2.28,-4.23,1
1.36,-37.9,-14.2,-10.8,-4.04,-15.9,-6.56,-16.7,-10.9,1.6,-4.17,2.56,-3.28,1
3.28,-33.5,1.16,-4.43,-13.1,-1.51,-12.7,12.7,-9.95,-9.92,13.7,4.23,-4.35,1
0.671,-47.4,-9.44,-11.9,-3.08,-3.01,4.63,8.71,12.7,12.4,12.1,6.78,-1.36,1
2.83,-34.5,-4.41,7.38,10.3,12.5,17.6,-1.95,-8.02,6.55,22.2,10.8,1.67,1
4.74,-34.6,2.75,18.4,6.7,14.1,-24.6,3.24,-2.3,15.2,8.73,17.1,-3.69,1
1.92,-36.7,-18.1,-15.4,-11.2,-20.0,-20.8,-9.33,-10.5,13.2,5.23,-9.88,-5.78,1
0.664,-39.5,-16.1,-4.68,-11.4,-0.563,-8.83,0.615,-8.29,-2.13,-9.78,-6.58,-12.8,1
2.37,-40.0,-14.6,1.92,-4.9,1.09,3.34,-15.3,-5.3,-2.0,5.08,5.09,3.33,1
-0.0261,-45.1,-7.97,-12.3,-5.1,-6.9,-2.59,-2.47,-0.434,-0.763,0.0301,-1.29,-0.797,1
0.665,-42.0,-11.7,-6.78,-4.79,0.0451,2.92,7.97,5.47,0.234,-7.91,-10.7,-7.26,1
3.83,-34.4,-11.8,-3.57,-22.4,-2.25,-0.399,0.895,1.33,18.0,28.3,-3.97,16.9,1
4.03,-40.5,-4.15,7.33,2.74,13.5,-13.4,7.82,11.1,8.99,18.3,2.07,-1.59,1
7.39,-29.5,3.8,13.6,-27.5,24.9,-19.5,2.78,11.1,-10.1,-2.54,10.4,-11.8,1
0.663,-43.2,3.09,-3.25,-9.93,-25.5,-2.09,20.4,-2.92,-19.8,7.6,0.454,2.39,1
4.09,-35.1,-11.1,11.0,-16.5,-4.04,0.32,-11.5,-7.07,-2.57,6.55,-18.8,0.755,1
0.665,-41.5,-9.39,-3.67,-0.591,3.26,-3.58,-10.8,-12.4,-0.0529,8.48,3.08,-5.39,1
-0.0261,-45.1,-7.97,-12.3,-5.1,-6.9,-2.59,-2.47,-0.434,-0.763,0.0301,-1.29,-0.797,1
3.39,-24.1,3.13,9.11,-0.286,14.0,5.72,-5.53,20.5,12.5,14.0,6.48,-2.76,1
1.36,-45.5,-12.3,-11.7,-7.38,-6.86,-3.84,-3.14,-0.0351,12.8,25.0,17.1,1.59,1
1.36,-41.7,-8.13,-16.3,-16.0,-3.61,-2.84,2.19,15.7,0.766,5.53,2.39,4.22,1
2.72,-29.1,-12.2,-7.57,7.65,-4.78,-4.96,-3.81,-0.0441,15.1,2.78,-2.49,10.4,1
2.65,-25.7,-20.7,-10.9,11.0,5.93,5.27,2.03,-7.16,-3.65,13.5,4.56,-3.16,1
2.61,-38.7,-21.2,-1.25,20.1,-3.48,-2.91,6.18,5.11,17.2,8.34,3.77,-5.22,1
3.73,-38.3,-32.6,-2.68,22.9,0.739,12.3,-2.34,-17.2,-8.54,-8.74,-1.51,16.2,1
3.03,-33.2,-25.6,-9.46,9.86,-8.37,-1.91,1.63,-11.2,4.39,-0.147,-26.8,-12.0,1
2.46,-48.7,-15.4,-17.4,-14.5,-7.8,-3.53,-3.06,-7.88,-0.325,-4.18,-2.47,0.761,1
0.671,-59.6,-31.1,-27.9,-5.59,-21.3,-13.4,4.44,-21.0,6.01,-6.39,-10.4,6.36,1
4.0,-49.5,-18.2,-18.4,-22.8,-7.5,-32.9,-1.89,-11.6,2.46,-5.62,-8.75,-0.508,1
5.34,-39.1,-11.1,24.2,-18.9,-2.96,-9.62,-7.11,13.1,-15.6,-19.3,4.97,2.57,1
-0.0261,-45.1,-7.97,-12.3,-5.1,-6.9,-2.59,-2.47,-0.434,-0.763,0.0301,-1.29,-0.797,1
1.59,-38.1,-9.92,6.83,10.4,11.6,9.96,-10.7,-27.9,-12.8,1.22,-0.616,14.4,1
1.76,-36.4,-11.1,-9.86,3.73,-2.17,-5.09,4.62,-1.52,0.689,2.2,-13.3,-12.4,1
3.31,-25.1,-4.27,12.1,5.36,4.77,14.9,-5.51,-2.79,1.07,-2.77,6.03,-9.01,1
-0.0295,-38.7,-15.6,-4.88,-12.0,-0.681,-8.16,2.47,-4.78,3.02,-3.25,1.52,-3.17,1
5.51,-36.9,-13.6,-5.34,-17.5,25.0,-12.0,-5.85,0.551,-23.1,-3.17,-4.53,-3.39,1
3.21,-27.6,-19.8,-27.0,-7.51,17.9,23.0,5.58,-4.65,-8.9,4.51,2.22,-0.456,1
2.61,-35.4,-0.644,-3.63,0.426,-4.19,-24.7,-19.5,-4.69,1.9,16.9,6.96,-5.93,1
3.36,-36.9,1.6,3.3,0.945,16.2,3.23,25.3,12.3,2.71,2.04,-1.69,4.27,1
0.388,-20.0,0.0023,0.707,-0.672,9.06,-4.0,-10.0,-5.09,11.7,-0.973,-8.28,4.99,1
2.65,-30.2,-11.7,-0.855,-3.62,0.555,-1.7,-4.67,22.5,17.5,20.6,-4.19,-13.3,1
2.83,-31.6,-6.36,6.01,-3.69,-0.942,-4.56,7.16,-8.13,-9.55,2.87,-7.14,-4.67,1
2.18,-22.9,16.5,5.31,-10.8,12.6,10.6,2.83,4.66,7.9,15.8,6.7,-1.94,1
3.17,-24.2,-22.9,-26.8,-3.29,6.92,7.01,-7.14,3.17,2.59,-9.15,-5.17,11.3,1
-0.0286,-28.4,-20.3,-10.6,2.67,-19.5,9.45,-9.64,-0.287,5.76,-10.9,10.8,-11.0,1
2.61,-30.5,-14.4,4.88,-3.65,-24.8,2.13,9.49,3.53,7.96,6.97,19.8,12.2,1
3.17,-29.3,-15.5,-10.1,-4.52,10.8,-1.98,7.1,14.9,-6.63,11.9,10.1,-6.09,1
3.51,-32.7,-8.4,9.2,-14.4,-9.65,-5.73,9.1,-0.904,-14.3,9.33,6.07,3.62,1
3.71,-45.0,-23.4,-8.9,-14.6,-1.84,-14.8,-10.4,7.63,-25.9,-17.6,6.28,4.89,1
1.07,-41.7,-7.53,-8.18,4.4,7.68,3.22,3.98,-18.4,-14.9,-9.82,9.3,6.69,1
3.54,-20.4,-12.7,-8.88,-5.73,-19.9,0.0944,-7.68,-19.9,-3.89,-4.88,-6.79,2.68,1
3.47,-38.6,-26.4,-4.87,4.29,-8.04,2.31,0.552,1.72,1.02,2.69,-8.97,10.5,1
1.77,-40.4,-28.2,-24.3,-4.08,-39.2,-11.5,14.8,-17.6,-11.2,-5.97,-3.61,1.3,1
2.54,-55.1,1.17,10.8,-1.26,-3.33,-13.0,2.05,-1.41,-1.81,-10.5,-8.73,-3.19,1
1.48,-24.3,-2.75,3.94,-6.99,-5.05,7.0,0.702,0.471,4.77,3.12,-1.48,5.46,1
2.05,-40.7,-22.9,0.521,-8.86,-11.1,7.06,2.8,5.29,5.55,10.3,-2.35,12.7,1
4.33,-34.6,0.266,13.5,-2.79,15.2,-7.27,8.71,4.29,1.01,2.48,-1.05,5.03,1
-0.0295,-38.7,-15.6,-4.88,-12.0,-0.681,-8.16,2.47,-4.78,3.02,-3.25,1.52,-3.17,1
0.671,-44.8,0.878,0.115,1.09,-18.2,-22.6,-0.536,22.7,2.2,-14.8,-1.8,-1.42,1
-0.686,-12.0,-0.533,-4.1,-0.212,-3.13,-1.09,-0.776,-0.0567,0.255,0.352,-0.51,-0.62,1
1.85,-27.2,-9.97,3.09,5.95,1.78,3.9,-0.683,-4.35,-10.9,7.02,5.28,6.49,1
4.08,-27.8,-7.82,10.4,-8.05,-3.34,2.4,-12.5,-2.07,-7.19,-3.48,6.78,8.94,1
3.23,-44.3,-8.92,-10.9,-13.8,-3.32,-25.8,-4.44,-10.1,-2.96,4.55,-12.7,-14.3,1
2.72,-26.0,-22.7,-16.5,18.4,8.38,8.28,-0.468,-0.961,-9.82,0.612,-3.14,-4.62,1
2.65,-25.4,-17.1,-13.4,-0.298,-12.5,6.46,1.28,-1.68,11.3,10.2,7.44,4.3,1
4.78,-35.2,-33.2,12.5,17.0,-14.2,-8.55,5.73,-4.75,-4.93,22.6,-2.43,-8.39,1
3.36,-31.1,-1.31,-6.44,-0.588,1.19,-16.6,11.4,-6.5,-0.5,-6.59,6.19,-9.8,1
-0.0295,-38.7,-15.6,-4.88,-12.0,-0.681,-8.16,2.47,-4.78,3.02,-3.25,1.52,-3.17,1
-0.0252,-31.4,-22.0,-2.41,-9.55,-7.88,3.09,-11.7,11.0,-12.9,11.7,-11.4,7.14,1
2.54,-41.1,2.03,2.52,-8.73,4.25,-9.15,-6.25,-0.537,-10.2,-2.57,-0.658,-7.16,1
4.27,-12.4,-18.5,-12.5,20.1,9.17,-10.1,-10.4,2.12,9.28,-5.89,-3.31,0.889,1
-0.0276,-23.3,-16.9,-19.1,3.97,-6.49,-13.0,8.38,-1.49,-12.4,18.5,-17.0,5.98,1
4.48,-36.3,-26.1,12.2,9.65,3.99,5.72,10.5,-10.6,-13.4,19.0,5.07,-3.76,1
3.37,-27.6,7.43,-2.05,-6.39,3.37,-13.4,11.4,-0.438,-4.34,2.22,-5.35,-1.12,1
1.07,-45.3,-11.3,-24.0,-11.2,0.22,1.26,-12.5,7.75,-6.87,6.74,-2.82,-10.2,1
3.73,-43.0,4.39,4.54,-11.9,10.2,-9.11,-2.47,-0.147,-12.3,20.6,10.5,9.6,1
2.37,-41.8,-14.8,-19.3,-3.52,9.32,6.41,-7.06,-6.63,1.3,2.68,-19.3,-0.294,1
3.36,-33.2,-15.2,-1.79,-0.693,2.55,9.2,-7.42,2.21,10.7,7.23,-0.926,5.39,1
1.99,-26.3,-7.57,0.548,5.24,-3.46,4.29,-5.83,4.85,5.86,-15.0,-3.68,4.58,1
0.671,-36.0,-12.1,-3.42,-1.18,-10.1,-7.94,-7.95,8.75,0.66,-3.97,-3.32,5.28,1
3.01,-43.1,-8.51,1.23,-7.45,6.16,0.321,1.35,13.9,-11.5,-11.6,-5.7,3.33,1
-0.0267,-20.5,-12.9,-21.2,-3.85,3.02,-9.0,-10.5,14.5,-6.26,-10.0,14.4,-8.23,1
4.23,-27.8,-7.4,9.85,3.94,12.5,1.11,19.1,17.5,14.3,15.0,-9.47,22.7,1
2.71,-34.5,-3.03,19.7,9.24,7.24,10.5,0.0185,-6.86,5.46,10.5,-8.4,-17.0,1
1.92,-38.1,-20.3,-2.13,5.49,2.23,5.73,-5.81,-11.2,-9.76,-6.78,-1.38,-3.29,1
3.64,-44.1,-6.46,-10.2,-16.1,5.75,-13.5,-4.68,-11.6,-2.48,4.98,4.05,7.19,1
4.32,-40.0,0.728,2.74,-10.8,11.0,-9.73,7.65,-6.95,8.27,10.2,10.4,-3.97,1
2.94,-30.6,-7.47,-4.23,-13.4,-3.27,-2.88,-5.57,13.0,8.56,1.86,-1.14,11.0,1
1.76,-31.6,-14.8,-4.39,-3.75,-8.44,-7.93,-16.2,-8.56,-3.51,-11.5,-10.8,4.69,1
2.89,-26.6,-11.3,-15.0,-23.0,-22.7,3.63,5.61,-6.62,4.59,10.3,8.37,14.4,1
-0.0295,-38.7,-15.6,-4.88,-12.0,-0.681,-8.16,2.47,-4.78,3.02,-3.25,1.52,-3.17,1
0.665,-46.3,-21.4,-13.4,-0.399,-5.96,-10.7,9.63,-8.51,-0.424,7.2,-12.1,8.9,1
0.666,-30.5,-11.3,2.85,1.19,-23.6,-11.9,-2.59,21.9,-4.72,-13.8,5.91,-5.3,1
-0.0261,-45.1,-7.97,-12.3,-5.1,-6.9,-2.59,-2.47,-0.434,-0.763,0.0301,-1.29,-0.797,1
0.392,-18.8,5.52,0.414,-0.267,-14.6,7.27,2.42,-9.94,11.2,-9.5,5.7,-0.899,1
0.664,-28.8,-11.8,7.47,-14.8,-26.9,4.89,9.22,10.9,-34.9,22.3,-12.4,12.3,1
1.36,-28.5,-7.11,-13.3,-3.2,9.48,-13.2,-6.87,13.3,1.96,-8.76,-6.9,2.32,1
-0.0252,-31.4,-22.0,-2.41,-9.55,-7.88,3.09,-11.7,11.0,-12.9,11.7,-11.4,7.14,1
2.91,-43.7,-2.19,6.06,8.0,-2.56,-20.2,1.66,-9.26,3.01,5.85,-1.48,2.18,1
1.76,-28.7,-11.8,-8.27,-11.8,-3.75,-2.45,-25.0,-10.2,2.93,6.08,4.43,1.77,1
1.76,-53.6,-24.0,-11.5,-5.67,4.41,8.31,-9.41,-2.37,6.41,-8.01,-8.09,-13.4,1
4.44,-28.4,-18.3,-6.3,-25.1,-0.475,3.51,2.61,-6.71,-26.7,1.1,-12.8,-5.52,1
4.51,-40.8,-0.348,24.3,-0.116,10.9,-22.4,-1.98,1.75,-7.47,22.3,6.71,2.85,1
3.67,-33.7,-17.5,-5.13,-14.2,0.341,10.1,9.59,0.128,-13.8,1.45,22.8,18.5,1
2.61,-36.6,4.61,-2.65,-12.0,7.15,9.01,-24.9,-10.3,-5.25,-2.32,5.7,5.4,1
1.69,-20.2,-9.17,-8.96,-5.29,-15.7,17.7,5.8,-3.47,6.79,-12.2,12.4,-9.11,1
3.3,-33.6,-12.2,12.3,11.9,-0.341,-7.27,-3.49,-9.24,-8.69,12.0,8.28,16.8,1
3.47,-43.1,-2.54,14.7,-3.84,6.46,4.67,7.87,1.1,7.8,-3.33,-18.1,-1.61,1
-0.0261,-45.1,-7.97,-12.3,-5.1,-6.9,-2.59,-2.47,-0.434,-0.763,0.0301,-1.29,-0.797,1
2.65,-33.9,-7.01,4.16,8.88,9.13,-3.49,-6.79,2.95,9.41,27.7,7.42,-21.4,1
3.21,-28.4,-23.3,-11.4,14.0,-2.21,1.72,3.79,-11.3,-6.38,6.74,8.5,6.47,1
1.07,-38.1,-3.92,-11.9,-1.6,4.29,-18.4,-4.63,-0.909,7.26,0.218,-6.44,0.54,1
3.55,-32.4,-13.8,1.39,5.95,-4.62,-22.7,-3.21,0.761,-1.77,3.6,-7.37,-4.77,1
2.74,-48.5,-14.1,-1.59,-17.9,-13.2,7.07,-6.2,-3.18,-16.4,13.5,19.2,-10.4,1
3.27,-24.1,-18.3,6.15,15.3,-12.5,1.99,5.52,0.357,3.44,-9.25,-2.43,6.44,1
3.94,-40.8,2.11,-2.26,-22.6,-2.95,-13.7,4.52,-13.4,-8.89,5.16,9.06,-0.904,1
3.22,-18.7,-12.1,-3.62,3.71,-7.7,15.0,-2.84,-15.4,-2.15,-0.0957,-8.22,13.2,1
2.17,-37.8,-15.5,1.22,-10.7,-18.0,7.32,-0.966,-12.7,4.82,-0.574,0.099,12.7,1
2.5,-29.1,2.54,-2.51,-6.08,-6.63,-8.39,7.8,6.13,-6.69,2.14,2.82,-4.1,1
3.81,-36.4,-17.5,6.54,10.7,-1.79,-11.5,21.5,2.63,-13.3,17.1,9.32,-1.94,1
2.11,-25.8,-14.2,-5.98,2.71,-5.58,-2.1,-1.99,-6.07,-0.782,7.07,1.93,-0.1,1
3.15,-40.5,-26.0,-7.63,15.9,-5.56,-3.96,-7.79,-8.62,-5.53,5.06,8.69,-4.64,1
4.53,-42.6,-1.55,7.82,0.853,37.3,6.06,17.3,-2.07,-1.75,-0.615,-25.2,-14.9,1
